Order_ID,Order_Date,Region,Category,Product,Customer,Quantity,Unit_Price,Discount,Marketing_Spend,Profit,Sales
1001,2024-12-12,North,Office Supplies,Notebook,Customer_95,9,16149,5,5572,33417.16,138073.95
1002,2024-01-14,West,Office Supplies,Notebook,Customer_5,1,6240,5,8623,1133.3,5928.0
1003,2024-03-22,West,Office Supplies,Pen,Customer_29,15,38718,10,27523,141778.42,522693.0
1004,2024-02-19,East,Office Supplies,File,Customer_36,5,14210,10,4349,6420.34,63945.0
1005,2024-05-30,East,Furniture,Sofa,Customer_6,15,35242,0,13403,51454.75,528630.0
1006,2024-02-10,South,Office Supplies,Paper,Customer_91,3,3103,5,26331,1270.51,8843.55
1007,2024-04-17,West,Technology,Laptop,Customer_36,15,41760,10,6329,91013.31,563760.0
1008,2024-05-18,North,Office Supplies,Paper,Customer_78,6,35105,5,6354,36357.35,200098.5
1009,2024-05-17,East,Office Supplies,Pen,Customer_99,2,15110,0,27379,4514.86,30220.0
1010,2024-05-06,East,Technology,Desktop,Customer_28,16,26028,15,5681,48946.21,353980.8
1011,2024-02-16,West,Office Supplies,Paper,Customer_75,13,23823,5,5532,56517.28,294214.05
1012,2024-07-14,South,Technology,Laptop,Customer_81,6,52009,15,20543,24926.77,265245.9
1013,2024-05-16,East,Office Supplies,File,Customer_71,1,44683,0,23338,12272.34,44683.0
1014,2024-05-14,North,Office Supplies,Paper,Customer_38,14,10465,15,1106,36094.73,124533.5
1015,2024-07-10,North,Office Supplies,Pen,Customer_81,10,55259,20,20954,54711.03,442072.0
1016,2024-06-06,North,Technology,Mouse,Customer_77,11,32121,0,4665,100487.94,353331.0
1017,2024-09-29,South,Technology,Laptop,Customer_73,3,5713,15,27739,1387.28,14568.15
1018,2024-04-18,West,Technology,Desktop,Customer_71,6,17470,20,29587,17899.12,83856.0
1019,2024-04-25,East,Office Supplies,Pen,Customer_52,12,28811,20,15794,29489.81,276585.6
1020,2024-12-28,North,Technology,Monitor,Customer_76,18,15180,20,8216,17833.17,218592.0
1021,2024-05-22,South,Office Supplies,Notebook,Customer_9,2,56437,10,3321,19617.83,101586.6
1022,2024-08-30,South,Office Supplies,File,Customer_70,5,47505,20,19881,34961.33,190020.0
1023,2024-01-28,North,Furniture,Table,Customer_13,14,23319,15,14470,50711.14,277496.1
1024,2024-10-01,North,Office Supplies,Notebook,Customer_52,11,52567,0,9147,70631.54,578237.0
1025,2024-08-14,West,Furniture,Table,Customer_24,9,30418,5,29655,73631.71,260073.9
1026,2024-05-01,North,Office Supplies,Notebook,Customer_84,18,54889,0,4056,280395.7,988002.0
1027,2024-01-02,West,Technology,Keyboard,Customer_62,7,56765,15,2921,39253.56,337751.75
1028,2024-03-20,West,Furniture,Sofa,Customer_37,14,45751,20,22688,121979.39,512411.2
1029,2024-01-30,South,Technology,Monitor,Customer_8,19,48317,20,2997,179605.42,734418.4
1030,2024-04-05,West,Technology,Mouse,Customer_65,17,10417,0,17640,17288.23,177089.0
1031,2024-10-31,North,Technology,Mouse,Customer_87,8,26561,0,19667,28508.96,212488.0
1032,2024-04-14,North,Technology,Mouse,Customer_54,19,37142,20,11366,161257.85,564558.4
1033,2024-02-07,South,Office Supplies,Paper,Customer_34,13,8677,10,15982,15183.36,101520.9
1034,2024-06-27,North,Technology,Keyboard,Customer_10,18,14069,20,9690,22111.16,202593.6
1035,2024-11-30,East,Technology,Desktop,Customer_37,6,28816,20,24053,20270.85,138316.8
1036,2024-02-24,East,Office Supplies,Notebook,Customer_85,4,57648,5,9666,23087.93,219062.4
1037,2024-05-15,East,Office Supplies,Pen,Customer_37,20,13903,10,7671,57871.08,250254.0
1038,2024-01-02,East,Office Supplies,File,Customer_7,3,41668,15,28176,14967.88,106253.4
1039,2024-02-08,East,Furniture,Table,Customer_21,15,36254,15,19379,37962.42,462238.5
1040,2024-06-06,North,Office Supplies,Pen,Customer_48,19,36310,5,15083,70807.63,655395.5
1041,2024-07-27,East,Furniture,Chair,Customer_27,8,43808,0,12589,88185.7,350464.0
1042,2024-06-19,South,Office Supplies,Pen,Customer_21,6,57864,15,1812,35253.22,295106.4
1043,2024-04-12,East,Furniture,Table,Customer_21,4,25170,0,29134,18480.0,100680.0
1044,2024-02-05,East,Furniture,Sofa,Customer_30,8,1650,5,14056,1908.81,12540.0
1045,2024-05-13,West,Furniture,Sofa,Customer_87,18,21802,0,4779,107114.8,392436.0
1046,2024-06-09,East,Technology,Mouse,Customer_5,4,39196,15,12327,32021.24,133266.4
1047,2024-09-23,West,Furniture,Chair,Customer_74,7,16793,0,24225,20681.06,117551.0
1048,2024-03-04,East,Office Supplies,Pen,Customer_56,3,43631,10,21419,17559.99,117803.7
1049,2024-03-06,East,Office Supplies,Paper,Customer_86,14,21476,15,23846,37068.12,255564.4
1050,2024-01-01,West,Technology,Keyboard,Customer_87,6,40438,20,10861,32868.63,194102.4
1051,2024-12-11,South,Furniture,Sofa,Customer_56,19,39858,10,16236,120769.7,681571.8
1052,2024-11-20,West,Technology,Mouse,Customer_95,6,43278,0,10299,50219.65,259668.0
1053,2024-03-16,North,Office Supplies,Paper,Customer_97,8,44192,10,8361,81914.1,318182.4
1054,2024-11-18,South,Technology,Laptop,Customer_61,20,55788,0,15923,190992.47,1115760.0
1055,2024-02-24,West,Office Supplies,Pen,Customer_64,13,16089,5,22497,45954.53,198699.15
1056,2024-03-03,South,Furniture,Table,Customer_90,17,30544,0,19265,70006.9,519248.0
1057,2024-08-14,West,Furniture,Table,Customer_86,17,36729,20,11397,144364.01,499514.4
1058,2024-11-22,West,Office Supplies,File,Customer_21,16,29595,10,25634,57273.89,426168.0
1059,2024-06-12,South,Furniture,Cabinet,Customer_36,15,5177,10,8683,9768.97,69889.5
1060,2024-07-31,South,Office Supplies,Notebook,Customer_20,8,25202,5,24147,24338.31,191535.2
1061,2024-10-26,West,Furniture,Sofa,Customer_54,2,13655,15,13762,6478.06,23213.5
1062,2024-08-02,West,Office Supplies,Notebook,Customer_62,1,23152,10,25689,3454.68,20836.8
1063,2024-12-08,West,Office Supplies,Pen,Customer_29,9,28662,15,1951,36298.89,219264.3
1064,2024-10-30,South,Office Supplies,File,Customer_60,5,40880,20,1883,45707.82,163520.0
1065,2024-07-13,North,Office Supplies,Notebook,Customer_83,14,8993,15,6954,9745.22,107016.7
1066,2024-08-03,West,Furniture,Table,Customer_42,11,49987,15,10117,114714.38,467378.45
1067,2024-11-29,West,Furniture,Chair,Customer_3,18,3513,10,8347,12692.87,56910.6
1068,2024-12-08,South,Technology,Laptop,Customer_26,1,40819,5,8816,4179.06,38778.05
1069,2024-02-28,South,Technology,Mouse,Customer_60,9,50359,10,6498,87005.28,407907.9
1070,2024-07-11,North,Technology,Monitor,Customer_75,1,20544,20,23195,4598.01,16435.2
1071,2024-03-02,North,Furniture,Table,Customer_76,8,6778,10,28862,11250.57,48801.6
1072,2024-06-23,East,Office Supplies,Notebook,Customer_69,14,43453,10,3259,104744.47,547507.8
1073,2024-03-31,West,Technology,Keyboard,Customer_14,14,23836,15,24177,32238.92,283648.4
1074,2024-05-05,West,Office Supplies,Paper,Customer_60,14,54215,20,9794,91631.94,607208.0
1075,2024-01-15,West,Technology,Monitor,Customer_32,15,37445,20,22895,73412.11,449340.0
1076,2024-11-01,South,Furniture,Sofa,Customer_63,7,23353,10,12152,20821.69,147123.9
1077,2024-10-11,North,Office Supplies,Paper,Customer_67,7,5710,5,24595,6432.91,37971.5
1078,2024-07-26,West,Technology,Printer,Customer_83,16,29471,0,4049,68246.27,471536.0
1079,2024-08-05,East,Office Supplies,Pen,Customer_85,19,24284,15,19136,77183.43,392186.6
1080,2024-04-08,East,Office Supplies,Paper,Customer_90,15,17854,10,9237,31506.92,241029.0
1081,2024-09-25,South,Furniture,Chair,Customer_25,7,48505,15,10060,69094.49,288604.75
1082,2024-12-28,North,Office Supplies,Paper,Customer_25,10,15008,10,6879,19787.9,135072.0
1083,2024-11-22,East,Office Supplies,Pen,Customer_6,2,36364,10,23852,18831.44,65455.2
1084,2024-01-27,North,Furniture,Chair,Customer_74,10,30862,15,15433,40648.96,262327.0
1085,2024-01-28,North,Furniture,Cabinet,Customer_9,13,32327,0,19907,91815.62,420251.0
1086,2024-11-01,East,Technology,Desktop,Customer_11,8,7862,20,26049,8632.26,50316.8
1087,2024-11-13,West,Office Supplies,Pen,Customer_58,15,19587,20,15051,34594.63,235044.0
1088,2024-03-21,North,Technology,Mouse,Customer_98,7,41093,5,9671,61565.79,273268.45
1089,2024-05-29,North,Technology,Desktop,Customer_21,1,26872,15,23589,4811.24,22841.2
1090,2024-05-15,East,Technology,Desktop,Customer_91,10,46170,15,3332,90742.97,392445.0
1091,2024-02-06,West,Office Supplies,Pen,Customer_15,18,14833,5,9704,66419.01,253644.3
1092,2024-06-04,East,Technology,Desktop,Customer_77,19,19014,15,5074,56229.8,307076.1
1093,2024-08-09,East,Office Supplies,File,Customer_65,18,32461,15,3635,105075.98,496653.3
1094,2024-12-10,East,Office Supplies,Paper,Customer_4,3,15102,20,20238,10481.02,36244.8
1095,2024-10-26,South,Furniture,Chair,Customer_61,17,42797,15,10114,74165.23,618416.65
1096,2024-03-23,North,Furniture,Cabinet,Customer_61,12,26861,10,11520,65976.99,290098.8
1097,2024-06-10,West,Furniture,Cabinet,Customer_37,13,53417,20,2202,100030.9,555536.8
1098,2024-12-02,North,Furniture,Sofa,Customer_99,13,56782,20,28031,175616.32,590532.8
1099,2024-11-16,West,Office Supplies,File,Customer_7,7,34076,10,21402,52900.61,214678.8
1100,2024-09-05,South,Furniture,Chair,Customer_35,18,8686,10,15356,38525.34,140713.2
1101,2024-02-17,South,Technology,Laptop,Customer_91,6,20465,20,1448,19793.29,98232.0
1102,2024-07-31,West,Technology,Laptop,Customer_16,5,32761,10,17674,34672.85,147424.5
1103,2024-09-17,South,Furniture,Cabinet,Customer_59,18,9579,15,7245,41448.41,146558.7
1104,2024-05-24,North,Office Supplies,Pen,Customer_36,14,22374,20,9754,65283.62,250588.8
1105,2024-10-05,West,Office Supplies,Paper,Customer_20,15,35396,15,12309,69110.48,451299.0
1106,2024-07-29,East,Furniture,Cabinet,Customer_25,8,37573,15,8653,68555.52,255496.4
1107,2024-03-05,West,Technology,Monitor,Customer_91,13,25402,5,17230,91686.69,313714.7
1108,2024-07-28,North,Office Supplies,Paper,Customer_57,4,34568,15,1502,28082.63,117531.2
1109,2024-02-11,North,Office Supplies,Pen,Customer_61,9,22287,20,23698,26869.51,160466.4
1110,2024-04-30,East,Furniture,Cabinet,Customer_81,16,57272,20,2176,158229.13,733081.6
1111,2024-02-21,South,Office Supplies,Paper,Customer_96,3,28540,0,25915,18787.13,85620.0
1112,2024-08-08,East,Furniture,Table,Customer_4,2,21358,0,10613,6785.95,42716.0
1113,2024-07-14,West,Technology,Desktop,Customer_73,6,11240,5,3587,13716.2,64068.0
1114,2024-05-10,West,Office Supplies,Pen,Customer_75,5,15316,15,21902,8844.51,65093.0
1115,2024-10-27,West,Office Supplies,Notebook,Customer_37,18,10453,0,15474,54179.29,188154.0
1116,2024-05-01,East,Furniture,Cabinet,Customer_59,10,13155,15,28962,20832.25,111817.5
1117,2024-12-17,East,Furniture,Sofa,Customer_90,10,1537,15,9994,1068.44,13064.5
1118,2024-11-13,West,Office Supplies,Notebook,Customer_37,8,39884,10,8176,63192.32,287164.8
1119,2024-03-08,North,Furniture,Table,Customer_81,2,20346,15,2093,7177.27,34588.2
1120,2024-07-06,East,Technology,Monitor,Customer_96,14,11610,5,5330,39071.56,154413.0
1121,2024-02-28,South,Office Supplies,Paper,Customer_33,16,52954,10,25463,207019.3,762537.6
1122,2024-07-06,South,Furniture,Chair,Customer_97,8,56470,15,28713,98690.54,383996.0
1123,2024-12-10,North,Technology,Keyboard,Customer_34,18,8199,15,13077,28604.18,125444.7
1124,2024-10-14,East,Furniture,Cabinet,Customer_14,8,30998,0,21301,68079.46,247984.0
1125,2024-03-12,North,Furniture,Table,Customer_82,15,59697,10,22274,136863.65,805909.5
1126,2024-08-20,East,Technology,Laptop,Customer_64,4,6469,5,18614,2700.26,24582.2
1127,2024-05-23,South,Furniture,Cabinet,Customer_54,4,54736,15,21173,31597.49,186102.4
1128,2024-12-17,East,Technology,Printer,Customer_28,15,29243,5,29031,66586.92,416712.75
1129,2024-02-16,North,Furniture,Sofa,Customer_51,9,12539,0,28788,29490.45,112851.0
1130,2024-02-05,North,Office Supplies,Pen,Customer_7,11,16062,5,26787,34275.74,167847.9
1131,2024-01-02,South,Office Supplies,Pen,Customer_30,11,50849,5,26842,147783.51,531372.05
1132,2024-01-14,South,Furniture,Table,Customer_70,9,52431,5,4602,101058.1,448285.05
1133,2024-03-05,East,Technology,Laptop,Customer_31,19,21318,0,6709,56050.06,405042.0
1134,2024-10-30,North,Office Supplies,File,Customer_96,3,31311,15,26494,12746.83,79843.05
1135,2024-01-16,South,Technology,Keyboard,Customer_79,2,47760,20,10883,13813.67,76416.0
1136,2024-06-13,West,Technology,Keyboard,Customer_55,4,32230,15,3408,30446.12,109582.0
1137,2024-07-14,North,Office Supplies,Pen,Customer_17,9,41015,20,18968,69891.61,295308.0
1138,2024-12-01,West,Office Supplies,Paper,Customer_65,20,28293,0,26988,132632.76,565860.0
1139,2024-07-31,West,Office Supplies,Pen,Customer_58,8,27219,10,28112,35230.7,195976.8
1140,2024-12-17,East,Office Supplies,Notebook,Customer_55,11,43688,10,13265,125337.57,432511.2
1141,2024-03-07,North,Furniture,Chair,Customer_11,3,28403,0,25398,20666.18,85209.0
1142,2024-08-04,East,Office Supplies,Notebook,Customer_86,4,27022,10,29626,22021.57,97279.2
1143,2024-03-20,East,Office Supplies,Notebook,Customer_77,10,23145,0,19937,44352.94,231450.0
1144,2024-05-22,South,Office Supplies,File,Customer_14,12,55502,20,13044,56092.42,532819.2
1145,2024-12-02,West,Office Supplies,Pen,Customer_72,20,40311,20,1860,138011.24,644976.0
1146,2024-04-02,North,Office Supplies,Paper,Customer_24,9,46152,10,12135,58775.67,373831.2
1147,2024-04-20,West,Technology,Mouse,Customer_9,5,48660,0,4006,59400.38,243300.0
1148,2024-10-17,West,Furniture,Cabinet,Customer_44,6,24351,10,24645,19903.7,131495.4
1149,2024-05-19,North,Office Supplies,Notebook,Customer_20,6,49542,20,2630,54283.71,237801.6
1150,2024-02-28,West,Furniture,Cabinet,Customer_78,15,27243,10,8063,90506.18,367780.5
1151,2024-04-22,North,Furniture,Cabinet,Customer_37,19,31991,20,22860,71895.12,486263.2
1152,2024-06-16,North,Furniture,Chair,Customer_27,10,13943,5,26040,18042.74,132458.5
1153,2024-04-27,West,Technology,Laptop,Customer_96,14,11614,5,13458,30455.81,154466.2
1154,2024-06-09,North,Office Supplies,Paper,Customer_51,2,28688,0,16065,16217.66,57376.0
1155,2024-06-15,West,Office Supplies,File,Customer_91,14,19073,0,14272,22586.98,267022.0
1156,2024-08-11,West,Technology,Mouse,Customer_89,12,5875,15,28672,6189.65,59925.0
1157,2024-03-27,North,Office Supplies,File,Customer_51,10,48977,10,8260,67562.59,440793.0
1158,2024-11-26,North,Technology,Mouse,Customer_68,17,12807,10,12504,47031.89,195947.1
1159,2024-12-01,North,Technology,Desktop,Customer_19,9,13028,5,20739,12657.33,111389.4
1160,2024-10-16,West,Technology,Desktop,Customer_60,19,49899,20,15709,174332.65,758464.8
1161,2024-05-20,East,Office Supplies,Paper,Customer_20,15,4575,15,15490,12768.99,58331.25
1162,2024-07-07,East,Office Supplies,Notebook,Customer_65,3,20442,15,15808,4601.45,52127.1
1163,2024-01-22,North,Furniture,Chair,Customer_79,20,33331,15,16162,117672.83,566627.0
1164,2024-06-24,East,Furniture,Table,Customer_78,16,32957,5,3027,89727.06,500946.4
1165,2024-11-08,South,Office Supplies,Notebook,Customer_6,8,46474,15,15398,61717.78,316023.2
1166,2024-11-19,East,Technology,Monitor,Customer_37,13,26889,10,23246,66549.15,314601.3
1167,2024-12-02,North,Office Supplies,Paper,Customer_43,4,36666,15,10310,16884.43,124664.4
1168,2024-12-01,East,Office Supplies,Pen,Customer_11,19,43590,5,12462,116643.8,786799.5
1169,2024-06-17,South,Office Supplies,File,Customer_77,3,20388,20,13343,10841.61,48931.2
1170,2024-04-02,North,Technology,Printer,Customer_83,14,33424,10,1597,67286.55,421142.4
1171,2024-02-21,West,Technology,Monitor,Customer_25,8,9115,5,3528,10049.87,69274.0
1172,2024-04-02,East,Office Supplies,Notebook,Customer_99,20,8688,20,13344,15837.96,139008.0
1173,2024-08-17,West,Office Supplies,Pen,Customer_6,14,23974,5,15555,68340.34,318854.2
1174,2024-10-19,South,Technology,Mouse,Customer_40,16,59342,5,13053,206762.84,901998.4
1175,2024-04-12,East,Furniture,Cabinet,Customer_100,13,33058,20,14718,100589.59,343803.2
1176,2024-12-30,East,Office Supplies,Pen,Customer_7,16,57386,10,19171,235962.16,826358.4
1177,2024-08-11,East,Office Supplies,Notebook,Customer_11,6,17977,15,17821,10306.67,91682.7
1178,2024-04-30,West,Technology,Desktop,Customer_45,1,27290,0,13991,5197.15,27290.0
1179,2024-06-20,East,Furniture,Chair,Customer_29,1,20985,0,28498,4978.38,20985.0
1180,2024-08-17,North,Technology,Desktop,Customer_37,16,45717,5,25865,163452.58,694898.4
1181,2024-11-07,North,Office Supplies,Notebook,Customer_3,9,14233,5,18983,34907.36,121692.15
1182,2024-08-02,North,Office Supplies,File,Customer_100,10,15673,10,4992,12766.35,141057.0
1183,2024-10-21,North,Office Supplies,File,Customer_15,16,39207,20,1538,109920.16,501849.6
1184,2024-08-01,South,Technology,Printer,Customer_38,14,202,20,12561,300.73,2262.4
1185,2024-09-16,North,Technology,Printer,Customer_68,12,4535,20,18828,8342.02,43536.0
1186,2024-01-09,West,Office Supplies,Notebook,Customer_61,2,41759,15,13232,9640.7,70990.3
1187,2024-03-09,East,Furniture,Chair,Customer_31,4,50661,20,25090,39956.43,162115.2
1188,2024-04-03,East,Technology,Monitor,Customer_83,6,54520,15,23786,51516.6,278052.0
1189,2024-01-22,West,Technology,Laptop,Customer_5,10,13311,0,26923,16490.11,133110.0
1190,2024-05-26,West,Furniture,Sofa,Customer_70,16,16701,0,25683,59406.96,267216.0
1191,2024-08-13,East,Furniture,Chair,Customer_35,4,52485,10,15318,52089.96,188946.0
1192,2024-08-05,South,Furniture,Sofa,Customer_64,16,24174,20,9739,79291.52,309427.2
1193,2024-05-31,South,Technology,Keyboard,Customer_70,10,21150,0,3623,32178.11,211500.0
1194,2024-06-29,West,Furniture,Cabinet,Customer_22,15,23138,15,2387,70772.53,295009.5
1195,2024-12-13,East,Office Supplies,File,Customer_82,2,5017,15,12904,1645.05,8528.9
1196,2024-11-26,South,Technology,Laptop,Customer_78,15,2380,5,3203,4474.03,33915.0
1197,2024-07-08,West,Furniture,Sofa,Customer_73,2,39755,5,23251,13519.39,75534.5
1198,2024-05-22,North,Furniture,Cabinet,Customer_74,5,34798,10,14042,23357.86,156591.0
1199,2024-03-01,North,Technology,Laptop,Customer_95,6,32805,20,13680,44244.13,157464.0
1200,2024-02-07,West,Furniture,Sofa,Customer_28,20,18815,15,7559,34218.16,319855.0
1201,2024-10-04,West,Furniture,Table,Customer_12,11,43867,10,24250,40947.09,434283.3
1202,2024-04-12,South,Furniture,Sofa,Customer_92,6,52115,10,17670,36397.07,281421.0
1203,2024-10-09,West,Technology,Desktop,Customer_4,12,36408,20,13088,63901.91,349516.8
1204,2024-07-28,North,Technology,Mouse,Customer_9,10,26193,15,18225,37932.36,222640.5
1205,2024-03-06,South,Office Supplies,Notebook,Customer_41,3,29589,15,23285,14624.04,75451.95
1206,2024-03-19,South,Office Supplies,Pen,Customer_56,17,59784,0,28243,109067.69,1016328.0
1207,2024-05-08,South,Furniture,Table,Customer_42,8,22776,20,10307,38789.23,145766.4
1208,2024-03-27,East,Technology,Printer,Customer_17,10,40367,20,4061,61540.65,322936.0
1209,2024-10-15,South,Office Supplies,Pen,Customer_85,20,47327,20,12063,200936.51,757232.0
1210,2024-11-12,North,Technology,Laptop,Customer_6,19,17444,5,26131,64821.15,314864.2
1211,2024-12-16,West,Office Supplies,Notebook,Customer_81,18,19083,10,16825,41386.16,309144.6
1212,2024-04-14,West,Furniture,Sofa,Customer_10,2,10459,15,14619,3316.65,17780.3
1213,2024-07-08,East,Furniture,Table,Customer_92,11,48216,10,14065,51919.41,477338.4
1214,2024-02-19,East,Office Supplies,Notebook,Customer_31,15,8129,10,15732,14764.86,109741.5
1215,2024-10-22,West,Technology,Monitor,Customer_79,14,16370,5,27656,33101.4,217721.0
1216,2024-06-06,South,Office Supplies,Paper,Customer_98,6,32754,20,16296,29828.75,157219.2
1217,2024-01-25,North,Furniture,Chair,Customer_51,17,30065,5,8049,101157.35,485549.75
1218,2024-08-08,West,Technology,Monitor,Customer_77,16,18826,20,1267,64189.83,240972.8
1219,2024-10-14,East,Technology,Monitor,Customer_98,13,24082,0,14126,28568.74,313066.0
1220,2024-11-15,East,Technology,Monitor,Customer_10,13,33146,15,26047,73607.41,366263.3
1221,2024-03-14,South,Office Supplies,Notebook,Customer_13,13,24557,10,19279,82336.03,287316.9
1222,2024-08-30,West,Technology,Mouse,Customer_65,2,3069,0,5490,1454.65,6138.0
1223,2024-07-20,South,Office Supplies,File,Customer_78,17,9260,10,21089,21262.55,141678.0
1224,2024-08-31,East,Office Supplies,Paper,Customer_65,17,34987,15,24223,103055.48,505562.15
1225,2024-12-18,East,Technology,Monitor,Customer_87,4,27398,20,11081,22381.85,87673.6
1226,2024-09-02,West,Office Supplies,Notebook,Customer_34,19,37955,5,24638,62547.23,685087.75
1227,2024-01-10,West,Technology,Mouse,Customer_19,8,2169,20,23954,1446.14,13881.6
1228,2024-11-09,West,Furniture,Sofa,Customer_20,14,45352,5,14447,114845.95,603181.6
1229,2024-07-11,South,Furniture,Chair,Customer_67,7,36858,10,22699,43014.1,232205.4
1230,2024-12-14,West,Furniture,Table,Customer_69,11,35900,10,23146,88794.84,355410.0
1231,2024-06-01,West,Office Supplies,Paper,Customer_25,8,18384,20,10781,15233.22,117657.6
1232,2024-05-27,West,Furniture,Table,Customer_41,16,22959,20,27063,70167.45,293875.2
1233,2024-02-10,West,Technology,Mouse,Customer_51,12,50763,5,10517,51651.49,578698.2
1234,2024-10-14,East,Furniture,Cabinet,Customer_96,16,14123,5,28130,42609.16,214669.6
1235,2024-12-08,South,Office Supplies,Paper,Customer_14,20,48655,20,8840,103803.12,778480.0
1236,2024-12-14,South,Office Supplies,Pen,Customer_7,4,27186,10,24506,18001.04,97869.6
1237,2024-06-13,South,Technology,Laptop,Customer_53,16,31390,5,25769,139350.52,477128.0
1238,2024-01-20,North,Furniture,Chair,Customer_84,19,15318,20,25205,55667.23,232833.6
1239,2024-05-28,South,Technology,Keyboard,Customer_5,13,51739,15,7105,163541.59,571715.95
1240,2024-11-24,East,Technology,Laptop,Customer_73,20,7132,10,10324,23102.13,128376.0
1241,2024-03-24,South,Office Supplies,File,Customer_65,15,17980,5,27503,26846.79,256215.0
1242,2024-12-11,East,Office Supplies,File,Customer_92,6,1023,10,26911,800.49,5524.2
1243,2024-04-04,West,Technology,Desktop,Customer_55,17,21591,0,14134,83406.4,367047.0
1244,2024-05-16,East,Technology,Keyboard,Customer_32,1,17190,15,8717,2604.96,14611.5
1245,2024-08-26,North,Furniture,Sofa,Customer_34,12,45501,5,3035,117702.33,518711.4
1246,2024-05-31,West,Furniture,Table,Customer_88,17,58762,10,23619,95148.69,899058.6
1247,2024-07-10,South,Furniture,Table,Customer_18,16,10139,15,25501,41028.51,137890.4
1248,2024-09-26,South,Furniture,Cabinet,Customer_98,8,44686,20,29610,72418.93,285990.4
1249,2024-10-01,North,Furniture,Sofa,Customer_73,4,4147,20,17563,1651.83,13270.4
1250,2024-02-16,East,Technology,Desktop,Customer_67,15,7717,5,24491,22905.35,109967.25
1251,2024-10-13,North,Office Supplies,File,Customer_59,5,33736,15,15968,29257.78,143378.0
1252,2024-02-07,North,Furniture,Sofa,Customer_51,9,53607,0,25438,61725.49,482463.0
1253,2024-08-29,East,Technology,Keyboard,Customer_90,3,35565,0,3261,31683.1,106695.0
1254,2024-07-14,West,Technology,Monitor,Customer_24,5,50289,15,13270,63782.59,213728.25
1255,2024-10-02,West,Furniture,Cabinet,Customer_11,18,8815,10,4887,17031.29,142803.0
1256,2024-08-05,South,Furniture,Table,Customer_1,1,19653,15,23069,3979.15,16705.05
1257,2024-02-27,South,Office Supplies,File,Customer_32,15,22785,5,10032,39438.24,324686.25
1258,2024-01-18,West,Technology,Printer,Customer_79,1,15872,5,3204,1540.97,15078.4
1259,2024-01-29,South,Furniture,Chair,Customer_95,2,26462,15,8678,8940.72,44985.4
1260,2024-06-13,East,Technology,Mouse,Customer_30,19,20999,20,20592,79782.92,319184.8
1261,2024-10-12,South,Technology,Monitor,Customer_85,17,14586,15,10846,29620.0,210767.7
1262,2024-09-25,West,Office Supplies,Pen,Customer_72,16,3172,10,22080,10400.4,45676.8
1263,2024-05-03,West,Furniture,Cabinet,Customer_20,10,24771,5,25720,46675.25,235324.5
1264,2024-03-09,South,Technology,Monitor,Customer_60,2,36956,15,14648,12728.58,62825.2
1265,2024-02-17,East,Furniture,Table,Customer_27,11,42482,0,15738,124474.93,467302.0
1266,2024-02-07,North,Office Supplies,Pen,Customer_35,13,44249,20,20756,40819.03,460189.6
1267,2024-01-08,South,Technology,Mouse,Customer_62,7,57081,10,10934,104482.74,359610.3
1268,2024-05-02,North,Technology,Desktop,Customer_96,16,15998,20,24061,25595.34,204774.4
1269,2024-09-19,East,Office Supplies,Paper,Customer_49,15,35073,10,11106,65124.88,473485.5
1270,2024-07-30,North,Furniture,Cabinet,Customer_93,16,50014,10,7656,116352.23,720201.6
1271,2024-10-23,South,Technology,Mouse,Customer_95,5,1162,10,19130,1493.65,5229.0
1272,2024-05-05,East,Office Supplies,File,Customer_20,7,21718,5,13446,29658.15,144424.7
1273,2024-06-29,East,Furniture,Sofa,Customer_98,16,47519,15,16100,75619.6,646258.4
1274,2024-02-08,West,Technology,Desktop,Customer_24,18,42161,0,18168,66358.97,758898.0
1275,2024-01-05,North,Office Supplies,Notebook,Customer_53,5,55317,5,3227,61899.29,262755.75
1276,2024-01-09,West,Technology,Mouse,Customer_48,2,40590,20,16833,14615.16,64944.0
1277,2024-01-09,West,Technology,Mouse,Customer_2,1,34795,10,18555,9239.5,31315.5
1278,2024-09-26,South,Office Supplies,File,Customer_14,4,34466,5,8896,16007.91,130970.8
1279,2024-12-22,East,Furniture,Sofa,Customer_51,3,24548,15,16040,12788.68,62597.4
1280,2024-08-31,North,Technology,Monitor,Customer_84,2,6227,15,13427,1725.26,10585.9
1281,2024-06-18,North,Technology,Printer,Customer_90,6,5518,15,28699,4937.76,28141.8
1282,2024-02-08,North,Office Supplies,Notebook,Customer_30,7,59165,20,16581,46266.39,331324.0
1283,2024-12-30,North,Office Supplies,Paper,Customer_23,11,1126,5,20235,1314.6,11766.7
1284,2024-12-12,East,Furniture,Chair,Customer_21,19,15859,20,28349,64332.6,241056.8
1285,2024-06-26,West,Office Supplies,Paper,Customer_97,5,51906,0,17409,63325.44,259530.0
1286,2024-10-31,West,Technology,Laptop,Customer_30,3,22421,20,26198,11571.95,53810.4
1287,2024-10-10,North,Furniture,Sofa,Customer_82,9,51450,15,17076,51241.98,393592.5
1288,2024-05-31,South,Furniture,Cabinet,Customer_88,19,43397,15,3808,175129.06,700861.55
1289,2024-03-19,North,Technology,Printer,Customer_11,9,10207,15,24320,19712.65,78083.55
1290,2024-05-18,East,Office Supplies,File,Customer_47,4,6097,0,11101,4337.21,24388.0
1291,2024-02-22,North,Technology,Desktop,Customer_24,14,29515,20,19177,63712.68,330568.0
1292,2024-07-16,East,Technology,Laptop,Customer_71,3,39220,20,26704,14248.6,94128.0
1293,2024-03-27,West,Technology,Monitor,Customer_50,3,47603,20,8954,23515.65,114247.2
1294,2024-03-26,South,Office Supplies,File,Customer_18,9,19834,10,17158,18010.38,160655.4
1295,2024-05-06,West,Furniture,Sofa,Customer_39,16,51392,0,12833,111314.2,822272.0
1296,2024-06-19,South,Office Supplies,File,Customer_59,4,8979,10,1221,9333.38,32324.4
1297,2024-11-04,East,Office Supplies,File,Customer_57,11,28320,20,5460,36409.4,249216.0
1298,2024-11-20,West,Office Supplies,Pen,Customer_41,6,26199,10,10550,34190.5,141474.6
1299,2024-10-15,East,Furniture,Table,Customer_49,9,53609,15,12960,43084.12,410108.85
1300,2024-05-29,South,Technology,Mouse,Customer_88,18,1863,15,24211,3594.99,28503.9
1301,2024-03-19,West,Office Supplies,Notebook,Customer_87,16,9221,10,8930,18003.96,132782.4
1302,2024-09-16,West,Office Supplies,File,Customer_10,15,39286,15,20078,84239.33,500896.5
1303,2024-12-02,North,Office Supplies,File,Customer_47,18,39016,0,4583,174989.02,702288.0
1304,2024-07-23,South,Office Supplies,Paper,Customer_83,20,3003,20,22136,11005.1,48048.0
1305,2024-10-12,North,Furniture,Cabinet,Customer_2,4,17056,5,17733,15834.26,64812.8
1306,2024-06-25,West,Office Supplies,Pen,Customer_48,13,30447,20,23624,60195.72,316648.8
1307,2024-03-13,North,Technology,Keyboard,Customer_38,14,5726,0,28240,23002.96,80164.0
1308,2024-08-12,East,Furniture,Sofa,Customer_59,7,34251,15,12413,37652.01,203793.45
1309,2024-11-27,East,Office Supplies,File,Customer_9,10,3028,0,1740,8079.3,30280.0
1310,2024-10-13,South,Technology,Printer,Customer_95,8,33916,5,19084,29701.83,257761.6
1311,2024-11-10,South,Furniture,Cabinet,Customer_52,6,12315,15,13962,5427.88,62806.5
1312,2024-12-26,West,Technology,Keyboard,Customer_50,1,46285,5,7743,6210.25,43970.75
1313,2024-05-14,North,Technology,Mouse,Customer_69,6,24072,10,7457,23483.92,129988.8
1314,2024-06-29,East,Office Supplies,File,Customer_77,13,40162,15,20234,46656.12,443790.1
1315,2024-06-05,East,Furniture,Table,Customer_79,19,5654,5,11262,10810.61,102054.7
1316,2024-10-21,East,Technology,Desktop,Customer_89,5,33577,15,14704,30140.67,142702.25
1317,2024-05-27,South,Furniture,Cabinet,Customer_63,18,45544,5,19183,90894.35,778802.4
1318,2024-04-09,East,Technology,Desktop,Customer_58,20,3613,10,1314,12136.25,65034.0
1319,2024-10-16,West,Furniture,Cabinet,Customer_88,16,27338,15,17013,43424.29,371796.8
1320,2024-08-22,East,Technology,Desktop,Customer_5,9,14835,20,10459,12497.64,106812.0
1321,2024-10-04,North,Office Supplies,File,Customer_74,4,17656,20,27977,16836.57,56499.2
1322,2024-05-06,West,Technology,Printer,Customer_70,7,27962,0,25116,51402.79,195734.0
1323,2024-03-01,West,Furniture,Chair,Customer_34,12,56605,0,15387,183647.39,679260.0
1324,2024-04-15,East,Technology,Desktop,Customer_91,20,41569,15,6438,152325.67,706673.0
1325,2024-12-26,East,Technology,Laptop,Customer_69,9,39215,20,6517,42692.09,282348.0
1326,2024-12-01,East,Furniture,Sofa,Customer_66,4,8985,15,2942,9114.2,30549.0
1327,2024-12-12,South,Technology,Printer,Customer_32,5,46721,10,28147,28269.9,210244.5
1328,2024-11-20,South,Furniture,Cabinet,Customer_74,9,41244,15,13293,56615.72,315516.6
1329,2024-02-17,East,Technology,Keyboard,Customer_89,12,29898,15,11724,63440.81,304959.6
1330,2024-09-10,East,Office Supplies,File,Customer_9,18,26164,5,15078,116981.25,447404.4
1331,2024-06-24,East,Furniture,Sofa,Customer_44,18,37975,5,19551,173728.55,649372.5
1332,2024-08-21,North,Office Supplies,Notebook,Customer_13,15,1167,0,29103,2008.81,17505.0
1333,2024-05-20,South,Technology,Keyboard,Customer_89,5,57912,10,6209,70981.53,260604.0
1334,2024-06-05,East,Technology,Printer,Customer_33,3,24469,5,2696,11659.63,69736.65
1335,2024-02-09,West,Office Supplies,Pen,Customer_84,3,46217,0,1035,17602.11,138651.0
1336,2024-03-02,South,Technology,Mouse,Customer_67,15,708,0,23793,1652.33,10620.0
1337,2024-02-22,West,Furniture,Table,Customer_10,8,25204,0,24945,51882.03,201632.0
1338,2024-03-14,East,Furniture,Sofa,Customer_18,13,50789,5,22023,187199.03,627244.15
1339,2024-03-18,North,Technology,Mouse,Customer_79,6,28942,10,24672,19828.45,156286.8
1340,2024-06-28,South,Furniture,Cabinet,Customer_12,4,9275,0,20319,8926.33,37100.0
1341,2024-11-03,South,Furniture,Sofa,Customer_32,9,42345,0,9131,76886.89,381105.0
1342,2024-07-19,North,Office Supplies,Paper,Customer_85,10,13564,20,20887,20844.61,108512.0
1343,2024-02-06,South,Furniture,Chair,Customer_64,13,7488,5,17370,20379.86,92476.8
1344,2024-12-15,East,Office Supplies,Notebook,Customer_41,5,25451,20,14790,16328.42,101804.0
1345,2024-01-31,North,Technology,Keyboard,Customer_3,19,4525,0,9591,10958.67,85975.0
1346,2024-05-22,West,Furniture,Sofa,Customer_55,13,5501,20,18617,12330.58,57210.4
1347,2024-10-27,North,Technology,Monitor,Customer_66,7,53057,5,18576,53589.46,352829.05
1348,2024-08-10,East,Office Supplies,Notebook,Customer_90,14,47938,5,2897,85298.37,637575.4
1349,2024-01-06,North,Technology,Keyboard,Customer_40,6,7927,0,24196,5240.69,47562.0
1350,2024-05-17,East,Technology,Keyboard,Customer_67,17,51413,10,6471,127283.81,786618.9
1351,2024-10-22,North,Office Supplies,Notebook,Customer_43,14,17924,20,3092,27673.01,200748.8
1352,2024-03-26,West,Office Supplies,Notebook,Customer_59,17,23701,0,17371,108408.51,402917.0
1353,2024-04-26,East,Furniture,Table,Customer_99,4,58706,20,23089,44900.46,187859.2
1354,2024-03-17,North,Office Supplies,Notebook,Customer_2,8,3113,15,12926,3477.03,21168.4
1355,2024-02-09,West,Technology,Laptop,Customer_29,11,16370,15,24602,23017.96,153059.5
1356,2024-01-24,North,Office Supplies,Paper,Customer_65,2,11853,5,27356,4357.09,22520.7
1357,2024-07-07,West,Furniture,Chair,Customer_37,10,21549,0,19123,38892.53,215490.0
1358,2024-09-09,East,Technology,Monitor,Customer_95,20,15997,15,13067,57156.07,271949.0
1359,2024-11-21,South,Technology,Printer,Customer_20,1,26972,0,8634,5371.2,26972.0
1360,2024-05-01,East,Office Supplies,Notebook,Customer_1,13,55740,10,4406,81612.85,652158.0
1361,2024-09-23,North,Furniture,Cabinet,Customer_19,9,6196,0,8584,15469.11,55764.0
1362,2024-07-20,West,Furniture,Sofa,Customer_96,3,38161,0,17561,12521.35,114483.0
1363,2024-07-20,North,Technology,Mouse,Customer_56,5,15617,10,9552,18777.95,70276.5
1364,2024-10-26,East,Office Supplies,Paper,Customer_58,9,15409,0,7642,15247.23,138681.0
1365,2024-07-02,North,Technology,Desktop,Customer_22,15,30643,10,14320,44082.66,413680.5
1366,2024-12-17,East,Technology,Keyboard,Customer_60,9,55968,0,3962,57763.37,503712.0
1367,2024-01-26,South,Furniture,Chair,Customer_42,5,6077,5,12656,4825.6,28865.75
1368,2024-05-07,East,Office Supplies,Paper,Customer_23,1,26602,15,19217,5530.31,22611.7
1369,2024-04-23,North,Technology,Keyboard,Customer_18,4,883,0,28209,889.4,3532.0
1370,2024-02-08,West,Technology,Desktop,Customer_48,3,38263,20,9481,25881.18,91831.2
1371,2024-06-18,South,Technology,Laptop,Customer_83,15,53138,5,4013,211352.11,757216.5
1372,2024-09-11,West,Technology,Laptop,Customer_7,6,37710,15,27924,46036.8,192321.0
1373,2024-03-17,West,Technology,Keyboard,Customer_23,12,14171,5,10010,22870.23,161549.4
1374,2024-02-01,South,Technology,Mouse,Customer_83,10,32795,15,29926,56072.49,278757.5
1375,2024-10-05,West,Technology,Monitor,Customer_18,14,13171,20,9164,32271.31,147515.2
1376,2024-09-14,East,Technology,Keyboard,Customer_62,18,51312,15,12273,220439.99,785073.6
1377,2024-05-23,East,Furniture,Cabinet,Customer_24,1,20997,20,8176,1452.1,16797.6
1378,2024-05-03,East,Technology,Keyboard,Customer_99,19,15354,5,4281,37283.2,277139.7
1379,2024-06-11,South,Furniture,Chair,Customer_74,13,23352,5,6770,38080.33,288397.2
1380,2024-04-06,North,Office Supplies,Paper,Customer_91,12,37301,20,5656,73008.72,358089.6
1381,2024-01-11,South,Furniture,Sofa,Customer_63,2,6015,0,8622,2554.76,12030.0
1382,2024-06-14,North,Office Supplies,File,Customer_43,20,13303,5,12165,60086.98,252757.0
1383,2024-07-05,South,Technology,Laptop,Customer_76,5,50848,0,28737,49776.35,254240.0
1384,2024-03-21,West,Technology,Monitor,Customer_76,4,22156,10,11571,8775.32,79761.6
1385,2024-11-10,West,Office Supplies,File,Customer_84,11,11516,20,23726,27940.88,101340.8
1386,2024-01-01,South,Furniture,Table,Customer_49,10,48203,10,5172,51666.98,433827.0
1387,2024-02-23,North,Office Supplies,File,Customer_24,20,20954,20,8238,74000.24,335264.0
1388,2024-02-15,East,Furniture,Table,Customer_96,3,15697,10,11469,4955.94,42381.9
1389,2024-05-11,West,Office Supplies,Paper,Customer_2,9,13841,5,23713,11232.28,118340.55
1390,2024-09-09,North,Technology,Printer,Customer_7,13,28819,15,6450,87446.81,318449.95
1391,2024-04-25,West,Furniture,Sofa,Customer_13,16,51790,20,22330,163615.68,662912.0
1392,2024-02-07,North,Technology,Keyboard,Customer_5,10,1415,10,9556,3685.07,12735.0
1393,2024-11-10,West,Furniture,Table,Customer_21,3,35951,0,12073,22723.19,107853.0
1394,2024-06-18,West,Furniture,Chair,Customer_84,6,39901,15,6147,18677.24,203495.1
1395,2024-06-01,West,Technology,Desktop,Customer_90,18,47419,20,9692,153863.94,682833.6
1396,2024-01-02,North,Technology,Laptop,Customer_51,19,36122,15,6032,53664.86,583370.3
1397,2024-03-28,East,Furniture,Chair,Customer_85,20,31578,5,4178,51395.57,599982.0
1398,2024-12-04,North,Office Supplies,Paper,Customer_61,4,20308,15,16431,12953.34,69047.2
1399,2024-01-23,West,Furniture,Chair,Customer_24,12,58131,15,13104,71773.89,592936.2
1400,2024-12-22,West,Furniture,Cabinet,Customer_34,8,54958,10,19489,37021.73,395697.6
1401,2024-10-28,North,Office Supplies,Notebook,Customer_86,12,53064,20,14565,149541.26,509414.4
1402,2024-08-31,North,Technology,Mouse,Customer_50,17,27535,20,23513,101376.9,374476.0
1403,2024-09-21,West,Office Supplies,Pen,Customer_39,3,25973,0,17452,16025.47,77919.0
1404,2024-03-05,North,Office Supplies,Pen,Customer_97,15,11429,5,7943,41996.14,162863.25
1405,2024-06-12,North,Technology,Keyboard,Customer_88,14,13332,5,28332,37397.72,177315.6
1406,2024-09-23,North,Office Supplies,Notebook,Customer_50,18,26141,20,11686,101055.5,376430.4
1407,2024-02-21,West,Furniture,Chair,Customer_15,14,9906,5,19566,27581.23,131749.8
1408,2024-07-15,North,Technology,Mouse,Customer_37,18,57780,10,29766,159496.61,936036.0
1409,2024-12-14,West,Office Supplies,File,Customer_5,6,18149,15,5713,19994.21,92559.9
1410,2024-05-17,North,Office Supplies,File,Customer_51,11,45353,5,2615,115671.87,473938.85
1411,2024-02-20,East,Furniture,Chair,Customer_39,10,18472,15,29122,36608.95,157012.0
1412,2024-11-05,East,Technology,Desktop,Customer_96,15,50826,10,9828,164906.7,686151.0
1413,2024-09-21,South,Office Supplies,Notebook,Customer_57,7,59962,15,25279,66567.33,356773.9
1414,2024-09-25,South,Furniture,Chair,Customer_9,10,46602,20,14218,40951.21,372816.0
1415,2024-01-26,South,Office Supplies,Notebook,Customer_25,7,54952,0,9175,33571.79,384664.0
1416,2024-12-14,East,Furniture,Table,Customer_48,15,33203,15,21821,119836.98,423338.25
1417,2024-10-09,East,Technology,Desktop,Customer_63,20,29335,5,29523,102782.62,557365.0
1418,2024-10-19,South,Furniture,Sofa,Customer_34,3,18782,0,13666,5123.16,56346.0
1419,2024-12-15,South,Technology,Desktop,Customer_87,7,17734,15,17819,8906.88,105517.3
1420,2024-06-05,South,Technology,Keyboard,Customer_83,6,39496,0,8332,32116.38,236976.0
1421,2024-12-12,West,Office Supplies,Paper,Customer_49,12,30180,10,8150,59541.35,325944.0
1422,2024-11-07,North,Office Supplies,File,Customer_1,17,43508,10,19397,148055.7,665672.4
1423,2024-05-21,North,Furniture,Sofa,Customer_62,3,22138,10,21991,9057.35,59772.6
1424,2024-11-03,South,Furniture,Sofa,Customer_20,17,50266,5,2860,208789.49,811795.9
1425,2024-08-02,South,Furniture,Sofa,Customer_93,1,43052,15,10686,5016.11,36594.2
1426,2024-04-23,North,Furniture,Cabinet,Customer_75,19,53578,5,12244,231946.1,967082.9
1427,2024-10-12,East,Office Supplies,File,Customer_65,10,55505,5,28546,118470.69,527297.5
1428,2024-04-03,North,Technology,Monitor,Customer_61,5,48656,10,24762,56453.63,218952.0
1429,2024-06-18,North,Office Supplies,Paper,Customer_29,12,14736,10,14778,40325.11,159148.8
1430,2024-10-24,East,Furniture,Sofa,Customer_60,4,30937,0,29389,27171.01,123748.0
1431,2024-01-28,West,Office Supplies,Notebook,Customer_25,17,7952,15,18361,16734.77,114906.4
1432,2024-04-02,South,Technology,Desktop,Customer_44,14,37416,15,5693,66611.4,445250.4
1433,2024-04-17,East,Technology,Keyboard,Customer_81,6,20639,0,1154,22222.22,123834.0
1434,2024-07-25,South,Technology,Mouse,Customer_63,3,8580,20,15211,4517.21,20592.0
1435,2024-01-08,West,Furniture,Cabinet,Customer_1,2,35081,5,24942,10803.42,66653.9
1436,2024-06-25,North,Furniture,Table,Customer_87,1,41170,5,8414,9096.37,39111.5
1437,2024-01-24,North,Furniture,Table,Customer_50,17,38679,10,6472,55843.04,591788.7
1438,2024-12-17,West,Furniture,Sofa,Customer_94,17,39183,20,12070,93472.08,532888.8
1439,2024-03-08,West,Technology,Monitor,Customer_46,7,10905,15,1626,8451.37,64884.75
1440,2024-01-20,North,Technology,Printer,Customer_76,17,11174,0,13012,44914.47,189958.0
1441,2024-01-25,North,Furniture,Sofa,Customer_77,2,43482,0,22416,22953.83,86964.0
1442,2024-03-19,West,Office Supplies,Notebook,Customer_57,13,8199,20,9281,15720.92,85269.6
1443,2024-11-14,North,Technology,Printer,Customer_39,14,43462,0,22708,118327.57,608468.0
1444,2024-02-24,West,Office Supplies,Pen,Customer_14,17,47205,20,4857,91287.8,641988.0
1445,2024-07-28,South,Furniture,Table,Customer_100,9,54593,20,7608,62396.97,393069.6
1446,2024-06-18,North,Furniture,Table,Customer_71,16,59761,5,23551,259145.68,908367.2
1447,2024-09-09,North,Technology,Laptop,Customer_86,3,59533,0,28368,36847.4,178599.0
1448,2024-05-31,North,Technology,Laptop,Customer_93,4,59395,10,22113,27979.73,213822.0
1449,2024-12-12,North,Furniture,Cabinet,Customer_13,6,57387,0,28926,49556.47,344322.0
1450,2024-06-17,North,Furniture,Cabinet,Customer_13,2,733,5,22736,309.71,1392.7
1451,2024-07-23,East,Furniture,Cabinet,Customer_94,3,24520,10,6992,6954.27,66204.0
1452,2024-03-26,West,Furniture,Sofa,Customer_89,16,52522,15,22261,196394.6,714299.2
1453,2024-12-13,North,Technology,Desktop,Customer_21,4,27364,20,16816,22460.22,87564.8
1454,2024-03-07,West,Furniture,Table,Customer_100,12,40165,0,29264,111135.97,481980.0
1455,2024-01-07,North,Furniture,Cabinet,Customer_53,15,3112,0,9572,10460.72,46680.0
1456,2024-05-07,East,Office Supplies,Pen,Customer_67,17,45204,20,4120,107724.79,614774.4
1457,2024-03-21,West,Furniture,Sofa,Customer_20,18,58562,20,2788,69623.83,843292.8
1458,2024-05-22,West,Office Supplies,File,Customer_22,3,49345,15,11506,16734.88,125829.75
1459,2024-10-20,South,Technology,Mouse,Customer_71,13,26529,5,3583,59301.87,327633.15
1460,2024-02-22,West,Furniture,Chair,Customer_58,11,7879,15,25419,16482.78,73668.65
1461,2024-11-12,North,Furniture,Cabinet,Customer_72,18,111,0,26945,425.42,1998.0
1462,2024-04-24,South,Office Supplies,Paper,Customer_84,15,22438,10,28043,27849.99,302913.0
1463,2024-12-03,West,Furniture,Sofa,Customer_92,12,47018,15,4736,48647.11,479583.6
1464,2024-01-24,East,Technology,Laptop,Customer_46,10,35993,20,13251,67511.68,287944.0
1465,2024-03-02,South,Technology,Keyboard,Customer_92,14,7109,10,21016,11026.73,89573.4
1466,2024-12-10,West,Furniture,Table,Customer_25,11,7162,15,2523,19008.45,66964.7
1467,2024-01-25,West,Office Supplies,Notebook,Customer_59,19,33143,5,17345,48429.37,598231.15
1468,2024-03-06,West,Office Supplies,File,Customer_66,6,45438,20,6690,52499.17,218102.4
1469,2024-05-20,East,Technology,Keyboard,Customer_65,13,27537,20,23692,70943.94,286384.8
1470,2024-09-19,East,Furniture,Sofa,Customer_58,5,9155,15,20743,9104.77,38908.75
1471,2024-12-10,South,Furniture,Sofa,Customer_26,7,41005,10,23498,40290.57,258331.5
1472,2024-06-29,South,Technology,Printer,Customer_65,18,45602,10,24276,77856.49,738752.4
1473,2024-02-24,West,Office Supplies,File,Customer_87,18,18838,15,27486,23867.47,288221.4
1474,2024-05-26,South,Technology,Keyboard,Customer_7,2,13200,10,25582,6006.93,23760.0
1475,2024-08-19,South,Office Supplies,Paper,Customer_8,10,13469,20,2058,17122.88,107752.0
1476,2024-12-22,South,Technology,Mouse,Customer_96,18,25586,5,17741,110494.77,437520.6
1477,2024-05-08,West,Furniture,Chair,Customer_50,14,51749,10,19092,59880.82,652037.4
1478,2024-04-10,West,Technology,Mouse,Customer_29,12,49586,20,18911,115416.69,476025.6
1479,2024-09-20,East,Office Supplies,Pen,Customer_58,6,44838,0,7126,78487.45,269028.0
1480,2024-05-10,North,Technology,Keyboard,Customer_55,9,36577,10,5262,34191.27,296273.7
1481,2024-11-16,West,Technology,Monitor,Customer_91,5,2717,5,11571,2727.16,12905.75
1482,2024-09-26,West,Office Supplies,Paper,Customer_74,18,23567,0,26691,99981.09,424206.0
1483,2024-06-27,North,Technology,Desktop,Customer_65,6,27358,20,18597,22160.21,131318.4
1484,2024-08-31,East,Technology,Desktop,Customer_43,12,19339,5,25663,47625.14,220464.6
1485,2024-11-14,North,Office Supplies,Notebook,Customer_86,12,29307,5,22045,71836.22,334099.8
1486,2024-01-13,East,Technology,Laptop,Customer_49,4,25388,10,18702,21868.94,91396.8
1487,2024-02-19,West,Office Supplies,Paper,Customer_63,2,19527,5,11496,7162.66,37101.3
1488,2024-02-23,North,Technology,Mouse,Customer_81,3,13913,5,29342,9151.26,39652.05
1489,2024-06-18,West,Technology,Mouse,Customer_83,3,49048,5,1778,25305.54,139786.8
1490,2024-04-26,North,Technology,Laptop,Customer_7,6,52149,10,19287,26892.47,281604.6
1491,2024-03-01,West,Furniture,Cabinet,Customer_58,13,28478,10,1553,55206.82,333192.6
1492,2024-02-24,North,Office Supplies,Notebook,Customer_97,19,3082,0,12721,16640.46,58558.0
1493,2024-08-30,North,Furniture,Sofa,Customer_37,15,25096,15,27939,72109.05,319974.0
1494,2024-03-14,South,Technology,Mouse,Customer_18,13,52317,20,10665,158457.06,544096.8
1495,2024-11-01,North,Furniture,Sofa,Customer_71,18,9365,0,2368,13672.13,168570.0
1496,2024-03-13,East,Furniture,Chair,Customer_27,12,13976,15,22165,38107.99,142555.2
1497,2024-10-17,South,Technology,Desktop,Customer_79,9,12835,0,6942,26292.96,115515.0
1498,2024-02-20,West,Technology,Mouse,Customer_83,18,4893,10,23009,7516.04,79266.6
1499,2024-02-05,West,Technology,Printer,Customer_43,12,8502,5,4278,13833.81,96922.8
1500,2024-10-16,West,Technology,Monitor,Customer_58,11,40492,10,23723,83588.53,400870.8
1501,2024-12-30,East,Office Supplies,Paper,Customer_55,6,416,10,9066,567.99,2246.4
1502,2024-08-16,East,Office Supplies,File,Customer_47,5,44636,10,29766,37277.95,200862.0
1503,2024-03-12,West,Furniture,Sofa,Customer_71,4,11619,20,3686,9860.14,37180.8
1504,2024-11-19,East,Office Supplies,Pen,Customer_94,3,47772,0,1610,38252.36,143316.0
1505,2024-10-03,West,Technology,Mouse,Customer_99,19,14043,0,19074,36643.47,266817.0
1506,2024-03-09,East,Furniture,Table,Customer_51,8,58521,20,25026,100590.99,374534.4
1507,2024-11-10,West,Furniture,Chair,Customer_47,17,794,5,28786,3745.37,12823.1
1508,2024-03-15,South,Office Supplies,Pen,Customer_58,6,11840,20,19540,12791.23,56832.0
1509,2024-07-08,East,Office Supplies,File,Customer_6,8,50003,15,8593,31903.93,340020.4
1510,2024-01-21,South,Technology,Laptop,Customer_67,12,25534,15,15897,71347.17,260446.8
1511,2024-10-23,North,Office Supplies,Paper,Customer_91,17,41621,10,28357,154882.9,636801.3
1512,2024-02-09,West,Office Supplies,Pen,Customer_84,13,24040,20,22408,69406.91,250016.0
1513,2024-09-06,West,Office Supplies,Paper,Customer_29,17,26697,10,27779,110652.22,408464.1
1514,2024-04-18,South,Furniture,Chair,Customer_57,6,15172,0,17860,20169.5,91032.0
1515,2024-06-18,South,Technology,Desktop,Customer_47,20,47109,0,22663,123120.5,942180.0
1516,2024-07-29,West,Office Supplies,Notebook,Customer_87,16,31493,5,20359,55276.75,478693.6
1517,2024-01-21,North,Technology,Desktop,Customer_17,19,38920,5,5414,153496.78,702506.0
1518,2024-10-15,North,Office Supplies,Pen,Customer_22,9,11898,20,14285,18149.0,85665.6
1519,2024-03-28,East,Office Supplies,Notebook,Customer_11,7,29538,20,16447,44794.87,165412.8
1520,2024-12-17,South,Technology,Keyboard,Customer_75,6,40942,20,9667,22973.13,196521.6
1521,2024-09-24,North,Furniture,Cabinet,Customer_30,13,25361,5,4557,26197.93,313208.35
1522,2024-09-29,South,Office Supplies,File,Customer_78,4,11727,15,21144,8451.19,39871.8
1523,2024-12-13,North,Office Supplies,Notebook,Customer_62,5,59212,20,18671,62067.15,236848.0
1524,2024-09-03,West,Office Supplies,File,Customer_48,2,45820,20,15056,9566.26,73312.0
1525,2024-02-12,North,Furniture,Sofa,Customer_55,5,16780,15,26095,9353.16,71315.0
1526,2024-09-23,East,Furniture,Cabinet,Customer_25,1,46574,0,19939,9080.02,46574.0
1527,2024-11-29,South,Technology,Keyboard,Customer_89,11,26894,10,4492,30366.22,266250.6
1528,2024-12-14,East,Office Supplies,Paper,Customer_69,14,37106,10,21050,65746.41,467535.6
1529,2024-09-04,West,Furniture,Table,Customer_71,18,31719,5,13131,110106.51,542394.9
1530,2024-03-01,East,Furniture,Sofa,Customer_100,13,48320,5,29016,161148.53,596752.0
1531,2024-06-22,West,Office Supplies,Pen,Customer_90,6,6671,5,17657,6392.84,38024.7
1532,2024-11-03,South,Office Supplies,Notebook,Customer_50,1,52815,0,27976,5913.81,52815.0
1533,2024-07-15,North,Furniture,Chair,Customer_34,8,24403,0,20956,17239.48,195224.0
1534,2024-12-02,North,Furniture,Sofa,Customer_100,6,42062,15,15384,17666.76,214516.2
1535,2024-03-27,South,Office Supplies,Paper,Customer_5,20,33559,20,23886,70322.27,536944.0
1536,2024-06-29,East,Office Supplies,Notebook,Customer_31,1,10418,0,10041,2620.42,10418.0
1537,2024-02-16,West,Office Supplies,File,Customer_76,7,34030,0,25147,55930.95,238210.0
1538,2024-07-25,East,Office Supplies,Paper,Customer_45,9,14930,20,7374,19354.33,107496.0
1539,2024-05-30,East,Office Supplies,Notebook,Customer_23,14,33276,0,19305,44687.96,465864.0
1540,2024-05-04,East,Furniture,Chair,Customer_69,19,16493,15,13356,54310.43,266361.95
1541,2024-11-20,West,Furniture,Cabinet,Customer_76,1,31686,0,9448,3005.8,31686.0
1542,2024-05-14,South,Technology,Printer,Customer_41,14,23240,20,18552,21379.82,260288.0
1543,2024-06-30,North,Technology,Monitor,Customer_52,11,5082,20,6848,8266.44,44721.6
1544,2024-05-15,East,Technology,Mouse,Customer_24,7,32802,5,8695,52743.41,218133.3
1545,2024-02-10,South,Technology,Desktop,Customer_32,20,23432,5,26524,46066.4,445208.0
1546,2024-09-09,North,Office Supplies,File,Customer_98,18,2869,15,13163,9505.48,43895.7
1547,2024-03-06,West,Office Supplies,Paper,Customer_24,17,18467,15,8277,65387.74,266848.15
1548,2024-12-17,West,Technology,Mouse,Customer_62,18,2234,20,12379,5360.03,32169.6
1549,2024-12-11,North,Technology,Keyboard,Customer_90,17,30251,10,23584,37884.45,462840.3
1550,2024-05-01,North,Technology,Keyboard,Customer_42,12,40259,10,7132,87256.82,434797.2
1551,2024-07-09,East,Furniture,Cabinet,Customer_47,6,32787,15,7898,28794.27,167213.7
1552,2024-02-21,East,Furniture,Cabinet,Customer_58,6,37547,5,19870,49421.57,214017.9
1553,2024-03-17,South,Office Supplies,Paper,Customer_72,14,56219,15,7424,74985.96,669006.1
1554,2024-09-06,South,Furniture,Chair,Customer_54,16,8912,20,18497,27209.21,114073.6
1555,2024-05-10,North,Furniture,Sofa,Customer_51,4,45355,5,2967,21957.75,172349.0
1556,2024-05-11,West,Furniture,Chair,Customer_96,11,17124,10,12806,34461.06,169527.6
1557,2024-11-28,West,Furniture,Chair,Customer_16,12,56943,20,7519,113106.74,546652.8
1558,2024-08-16,East,Office Supplies,Pen,Customer_46,11,44218,20,16974,97452.28,389118.4
1559,2024-06-21,East,Technology,Keyboard,Customer_60,5,57002,5,21990,69774.12,270759.5
1560,2024-05-29,North,Furniture,Cabinet,Customer_11,6,22619,5,11272,19302.27,128928.3
1561,2024-08-18,West,Office Supplies,Paper,Customer_35,15,51281,10,25507,144774.04,692293.5
1562,2024-12-24,South,Furniture,Table,Customer_3,5,47795,5,22693,30730.8,227026.25
1563,2024-08-30,South,Office Supplies,Notebook,Customer_22,13,6850,0,3090,25476.72,89050.0
1564,2024-03-20,North,Office Supplies,Notebook,Customer_99,13,34439,0,4405,61666.94,447707.0
1565,2024-03-08,West,Technology,Printer,Customer_40,8,16313,10,15521,25584.42,117453.6
1566,2024-10-03,North,Office Supplies,Pen,Customer_5,12,56485,10,29319,112706.99,610038.0
1567,2024-11-21,South,Furniture,Cabinet,Customer_90,18,11702,20,20581,30405.65,168508.8
1568,2024-06-06,East,Office Supplies,File,Customer_45,16,35467,5,27368,53749.13,539098.4
1569,2024-03-10,East,Furniture,Cabinet,Customer_20,10,791,0,18148,2051.72,7910.0
1570,2024-01-05,West,Furniture,Sofa,Customer_69,1,45173,15,25755,7101.72,38397.05
1571,2024-08-11,South,Furniture,Sofa,Customer_1,18,24587,5,14491,115231.74,420437.7
1572,2024-08-04,South,Furniture,Table,Customer_92,13,54391,15,8228,82854.08,601020.55
1573,2024-02-05,East,Office Supplies,Pen,Customer_37,18,53106,10,14530,104408.21,860317.2
1574,2024-09-08,East,Technology,Desktop,Customer_15,15,40583,15,9917,121133.18,517433.25
1575,2024-05-24,North,Technology,Monitor,Customer_20,2,35159,0,7092,20667.39,70318.0
1576,2024-04-21,West,Furniture,Table,Customer_94,1,15357,0,5937,1278.31,15357.0
1577,2024-03-15,East,Furniture,Cabinet,Customer_64,12,30488,0,11821,35725.5,365856.0
1578,2024-05-08,West,Technology,Monitor,Customer_10,18,30911,5,7297,146444.56,528578.1
1579,2024-01-18,North,Furniture,Chair,Customer_99,8,25318,15,9099,41710.85,172162.4
1580,2024-06-14,North,Technology,Keyboard,Customer_67,7,31087,15,23329,53911.98,184967.65
1581,2024-06-01,North,Technology,Printer,Customer_96,18,34239,0,9300,114552.37,616302.0
1582,2024-01-08,North,Technology,Monitor,Customer_86,7,7500,5,21739,8753.84,49875.0
1583,2024-08-31,North,Technology,Monitor,Customer_51,8,685,0,20040,1382.96,5480.0
1584,2024-11-12,East,Office Supplies,Pen,Customer_99,3,16400,5,17381,4679.06,46740.0
1585,2024-09-06,North,Furniture,Chair,Customer_46,5,46062,20,26934,19092.91,184248.0
1586,2024-05-08,East,Technology,Monitor,Customer_57,7,1499,15,12736,2134.93,8919.05
1587,2024-10-05,West,Technology,Keyboard,Customer_72,10,35668,15,7218,62052.77,303178.0
1588,2024-03-20,West,Furniture,Sofa,Customer_36,20,56497,20,6254,86013.61,903952.0
1589,2024-07-13,East,Furniture,Sofa,Customer_70,12,29858,0,26425,78956.16,358296.0
1590,2024-02-02,North,Office Supplies,Pen,Customer_80,12,50957,20,8824,73648.45,489187.2
1591,2024-06-14,South,Office Supplies,File,Customer_68,16,50283,20,6050,138294.27,643622.4
1592,2024-03-07,North,Furniture,Sofa,Customer_13,17,43281,0,2434,194055.69,735777.0
1593,2024-07-17,South,Technology,Laptop,Customer_14,16,12657,0,2042,41641.06,202512.0
1594,2024-04-16,East,Office Supplies,File,Customer_7,12,14565,20,24522,13366.09,139824.0
1595,2024-07-31,North,Office Supplies,File,Customer_60,2,23753,20,25362,10885.09,38004.8
1596,2024-04-20,East,Furniture,Chair,Customer_68,2,48223,0,28343,14163.96,96446.0
1597,2024-12-02,North,Office Supplies,Notebook,Customer_93,8,34942,15,7208,29103.43,237605.6
1598,2024-07-02,South,Technology,Mouse,Customer_72,18,27309,0,26109,108388.12,491562.0
1599,2024-06-21,West,Office Supplies,File,Customer_14,6,52034,5,19021,49929.36,296593.8
1600,2024-11-20,West,Office Supplies,Pen,Customer_46,11,36150,10,28684,57898.02,357885.0
1601,2024-05-10,South,Furniture,Sofa,Customer_73,18,14119,15,26090,43431.51,216020.7
1602,2024-09-22,West,Furniture,Cabinet,Customer_51,1,47699,0,10321,10067.72,47699.0
1603,2024-12-19,North,Technology,Monitor,Customer_39,8,14178,10,1711,25493.36,102081.6
1604,2024-10-25,North,Furniture,Table,Customer_5,15,23408,5,5535,46131.03,333564.0
1605,2024-02-09,East,Technology,Desktop,Customer_39,3,37487,15,19647,26950.59,95591.85
1606,2024-10-31,West,Office Supplies,Paper,Customer_23,16,54213,20,27853,194080.28,693926.4
1607,2024-06-20,North,Office Supplies,Paper,Customer_94,19,25105,0,26563,44028.07,476995.0
1608,2024-11-19,West,Furniture,Cabinet,Customer_16,8,49099,20,1374,68960.19,314233.6
1609,2024-09-14,East,Furniture,Chair,Customer_68,2,21026,20,19511,3798.39,33641.6
1610,2024-04-23,South,Office Supplies,Pen,Customer_7,13,29303,20,19849,58219.81,304751.2
1611,2024-01-26,West,Furniture,Sofa,Customer_19,5,22131,0,16592,22763.61,110655.0
1612,2024-03-10,East,Office Supplies,File,Customer_11,13,32987,15,26356,85123.72,364506.35
1613,2024-09-25,West,Furniture,Table,Customer_51,19,12951,20,21184,58930.05,196855.2
1614,2024-07-30,North,Technology,Desktop,Customer_35,14,21295,20,3935,24984.86,238504.0
1615,2024-06-05,East,Furniture,Sofa,Customer_25,11,22678,20,22476,17028.1,199566.4
1616,2024-12-16,West,Technology,Monitor,Customer_80,5,28966,0,27809,19025.99,144830.0
1617,2024-05-27,North,Furniture,Table,Customer_15,2,16028,20,5839,6952.96,25644.8
1618,2024-10-02,North,Technology,Monitor,Customer_40,15,30979,0,11874,58541.99,464685.0
1619,2024-01-10,East,Technology,Desktop,Customer_71,16,40931,5,23776,145413.01,622151.2
1620,2024-05-18,East,Furniture,Chair,Customer_22,2,18713,5,26860,8292.63,35554.7
1621,2024-12-03,North,Technology,Keyboard,Customer_9,13,43378,10,22724,135741.11,507522.6
1622,2024-02-20,North,Furniture,Chair,Customer_38,13,15249,15,17663,49683.43,168501.45
1623,2024-01-12,North,Furniture,Cabinet,Customer_24,7,32910,15,19372,55571.57,195814.5
1624,2024-06-29,East,Technology,Desktop,Customer_43,16,25881,5,1602,61483.73,393391.2
1625,2024-07-17,South,Furniture,Sofa,Customer_65,9,53308,0,21505,65579.78,479772.0
1626,2024-07-14,East,Technology,Mouse,Customer_29,5,22499,15,22526,10537.15,95620.75
1627,2024-06-17,West,Office Supplies,Pen,Customer_31,19,10110,15,11236,45740.57,163276.5
1628,2024-03-11,South,Furniture,Table,Customer_84,5,38178,20,23414,39097.8,152712.0
1629,2024-10-12,West,Furniture,Table,Customer_99,5,43106,20,6178,25837.59,172424.0
1630,2024-07-30,South,Office Supplies,Notebook,Customer_41,5,47749,0,26081,35838.31,238745.0
1631,2024-01-14,West,Furniture,Sofa,Customer_96,9,10058,5,4498,9368.4,85995.9
1632,2024-09-01,South,Office Supplies,Paper,Customer_77,8,15233,0,12772,11879.86,121864.0
1633,2024-03-24,West,Technology,Mouse,Customer_92,12,12157,15,17103,22846.8,124001.4
1634,2024-04-13,North,Technology,Desktop,Customer_53,1,17785,15,8292,3678.34,15117.25
1635,2024-05-06,South,Technology,Laptop,Customer_57,20,32208,10,29402,104736.48,579744.0
1636,2024-10-19,North,Furniture,Cabinet,Customer_78,13,47299,10,13915,118721.13,553398.3
1637,2024-09-22,North,Office Supplies,Notebook,Customer_58,15,54298,0,29763,243594.95,814470.0
1638,2024-07-22,North,Office Supplies,File,Customer_72,13,33924,0,7221,63531.95,441012.0
1639,2024-03-13,West,Furniture,Sofa,Customer_22,14,19395,20,2787,50350.28,217224.0
1640,2024-12-22,North,Furniture,Cabinet,Customer_93,17,7516,5,26517,25344.67,121383.4
1641,2024-12-30,West,Office Supplies,Pen,Customer_53,11,29649,0,6861,58642.98,326139.0
1642,2024-02-16,North,Technology,Keyboard,Customer_33,11,45432,5,24539,114569.06,474764.4
1643,2024-09-18,West,Technology,Printer,Customer_82,12,5690,20,24176,8985.61,54624.0
1644,2024-12-03,West,Office Supplies,Pen,Customer_71,13,2977,5,11983,7515.26,36765.95
1645,2024-08-16,South,Technology,Desktop,Customer_23,2,27597,10,11142,11953.48,49674.6
1646,2024-08-22,North,Furniture,Table,Customer_17,7,331,20,26080,251.5,1853.6
1647,2024-08-20,North,Furniture,Cabinet,Customer_78,16,15689,5,20295,53676.3,238472.8
1648,2024-11-13,North,Furniture,Cabinet,Customer_77,20,530,5,29906,2018.18,10070.0
1649,2024-01-17,North,Office Supplies,Pen,Customer_24,5,3708,10,2203,1868.54,16686.0
1650,2024-05-25,East,Office Supplies,Paper,Customer_12,2,7236,15,6840,1420.71,12301.2
1651,2024-06-14,West,Office Supplies,Pen,Customer_96,19,23705,0,4051,112181.07,450395.0
1652,2024-03-09,North,Furniture,Cabinet,Customer_98,14,55367,20,3127,89558.33,620110.4
1653,2024-11-09,East,Technology,Printer,Customer_43,17,27216,20,7876,86272.59,370137.6
1654,2024-06-11,North,Technology,Laptop,Customer_62,20,51754,10,14993,199305.93,931572.0
1655,2024-09-09,South,Furniture,Sofa,Customer_79,19,32631,20,24893,108626.37,495991.2
1656,2024-11-16,South,Technology,Mouse,Customer_91,10,12784,0,4873,10901.82,127840.0
1657,2024-11-22,South,Technology,Printer,Customer_79,14,27234,0,11937,59830.98,381276.0
1658,2024-10-08,South,Technology,Laptop,Customer_89,10,16773,0,11085,24499.06,167730.0
1659,2024-01-15,North,Furniture,Chair,Customer_88,11,22471,15,24737,43105.48,210103.85
1660,2024-03-20,East,Technology,Desktop,Customer_44,16,31196,0,22156,54838.0,499136.0
1661,2024-10-16,East,Office Supplies,File,Customer_60,14,48766,0,28364,132882.74,682724.0
1662,2024-06-30,North,Office Supplies,Paper,Customer_27,19,45024,10,27199,216776.76,769910.4
1663,2024-11-06,East,Technology,Desktop,Customer_4,11,24691,20,28603,25316.1,217280.8
1664,2024-07-30,North,Furniture,Table,Customer_97,10,46320,10,24260,36251.14,416880.0
1665,2024-03-30,South,Technology,Keyboard,Customer_48,15,54459,10,8082,143747.16,735196.5
1666,2024-09-04,North,Technology,Monitor,Customer_100,7,59957,0,15541,80296.32,419699.0
1667,2024-03-14,South,Office Supplies,Pen,Customer_44,16,48101,20,11169,154303.27,615692.8
1668,2024-02-29,South,Technology,Mouse,Customer_27,2,30205,15,24385,13877.36,51348.5
1669,2024-01-24,North,Technology,Monitor,Customer_88,20,57239,0,11921,209165.84,1144780.0
1670,2024-06-13,East,Technology,Mouse,Customer_3,19,49808,10,21933,235303.65,851716.8
1671,2024-03-17,East,Technology,Desktop,Customer_36,18,21015,15,22991,34044.57,321529.5
1672,2024-06-28,North,Technology,Monitor,Customer_2,20,36775,20,4354,73813.03,588400.0
1673,2024-11-09,East,Office Supplies,Paper,Customer_19,10,37723,5,6612,34286.34,358368.5
1674,2024-02-14,North,Furniture,Cabinet,Customer_17,1,30950,0,4471,5087.93,30950.0
1675,2024-12-24,South,Furniture,Cabinet,Customer_91,20,58510,20,21626,247107.27,936160.0
1676,2024-08-26,East,Furniture,Sofa,Customer_43,7,46820,20,3573,77139.51,262192.0
1677,2024-12-29,North,Office Supplies,Pen,Customer_90,15,6474,15,11170,19033.31,82543.5
1678,2024-07-19,South,Furniture,Cabinet,Customer_29,5,56532,20,9455,63503.43,226128.0
1679,2024-06-28,East,Technology,Printer,Customer_42,15,32049,0,3141,88730.97,480735.0
1680,2024-07-26,South,Furniture,Cabinet,Customer_37,12,39712,20,5174,73101.44,381235.2
1681,2024-10-29,East,Office Supplies,Notebook,Customer_72,3,52032,10,18457,25486.27,140486.4
1682,2024-12-21,South,Furniture,Table,Customer_71,6,31712,15,3164,25061.4,161731.2
1683,2024-02-09,West,Office Supplies,File,Customer_73,11,35786,5,6671,84431.54,373963.7
1684,2024-08-15,North,Office Supplies,File,Customer_76,20,30437,10,19189,55599.56,547866.0
1685,2024-06-16,West,Technology,Monitor,Customer_9,20,7226,20,26275,30102.99,115616.0
1686,2024-01-01,North,Furniture,Chair,Customer_28,5,58247,20,25739,51245.53,232988.0
1687,2024-04-10,South,Technology,Printer,Customer_58,18,19203,15,21171,60860.4,293805.9
1688,2024-06-25,East,Technology,Printer,Customer_39,19,52158,10,15245,212195.99,891901.8
1689,2024-07-08,North,Technology,Mouse,Customer_79,17,26589,5,28934,62144.82,429412.35
1690,2024-01-16,North,Office Supplies,Notebook,Customer_91,18,53888,10,4594,235247.38,872985.6
1691,2024-10-06,West,Technology,Keyboard,Customer_81,11,46746,15,14304,71655.98,437075.1
1692,2024-07-03,South,Technology,Printer,Customer_61,5,12435,20,13602,13207.57,49740.0
1693,2024-03-14,East,Furniture,Table,Customer_86,5,8900,0,3350,9907.73,44500.0
1694,2024-12-22,West,Office Supplies,File,Customer_18,3,9092,15,29185,4180.79,23184.6
1695,2024-06-30,South,Office Supplies,File,Customer_59,17,27895,20,27872,67911.41,379372.0
1696,2024-12-30,West,Technology,Desktop,Customer_78,1,37975,15,28748,7772.75,32278.75
1697,2024-12-26,West,Office Supplies,Paper,Customer_70,19,24149,0,2240,94057.1,458831.0
1698,2024-05-23,West,Furniture,Chair,Customer_89,3,9411,20,29159,6694.77,22586.4
1699,2024-10-23,North,Furniture,Chair,Customer_32,16,41431,0,23415,145446.86,662896.0
1700,2024-10-20,East,Furniture,Chair,Customer_69,1,30827,15,17798,7319.33,26202.95
1701,2024-11-01,West,Office Supplies,Paper,Customer_46,10,19053,5,2157,42157.75,181003.5
1702,2024-05-29,East,Office Supplies,Paper,Customer_8,16,37989,5,19771,52752.17,577432.8
1703,2024-05-22,East,Office Supplies,Notebook,Customer_63,3,8411,20,3518,5396.19,20186.4
1704,2024-10-29,East,Furniture,Table,Customer_36,9,1030,0,20786,1097.71,9270.0
1705,2024-09-27,West,Office Supplies,Pen,Customer_48,6,17221,5,16889,11757.37,98159.7
1706,2024-07-30,North,Technology,Monitor,Customer_19,20,53952,5,28446,193852.98,1025088.0
1707,2024-01-28,West,Furniture,Table,Customer_93,6,13918,20,25063,17717.28,66806.4
1708,2024-09-29,North,Office Supplies,Paper,Customer_7,6,30509,15,16605,22763.8,155595.9
1709,2024-05-27,West,Technology,Keyboard,Customer_61,9,9612,20,29517,12155.52,69206.4
1710,2024-08-09,East,Furniture,Cabinet,Customer_68,2,6480,20,21887,1636.51,10368.0
1711,2024-07-19,East,Office Supplies,Paper,Customer_35,9,52680,0,9367,106181.79,474120.0
1712,2024-12-10,South,Furniture,Table,Customer_67,11,44514,5,11265,93255.11,465171.3
1713,2024-04-22,North,Technology,Laptop,Customer_53,4,34523,0,23462,24595.19,138092.0
1714,2024-10-31,East,Office Supplies,Paper,Customer_25,2,1653,20,4012,244.68,2644.8
1715,2024-11-27,North,Office Supplies,Pen,Customer_91,4,5761,20,5256,2999.61,18435.2
1716,2024-02-08,North,Office Supplies,Pen,Customer_90,6,16702,10,16301,20320.45,90190.8
1717,2024-02-07,East,Office Supplies,File,Customer_99,14,45465,10,9432,66241.13,572859.0
1718,2024-08-13,West,Furniture,Chair,Customer_50,11,4036,10,27633,5523.02,39956.4
1719,2024-08-08,South,Technology,Keyboard,Customer_79,13,11794,15,4553,14550.9,130323.7
1720,2024-05-08,North,Technology,Mouse,Customer_57,9,6869,0,3389,5903.33,61821.0
1721,2024-06-17,West,Furniture,Chair,Customer_20,1,2579,15,9730,248.49,2192.15
1722,2024-07-15,West,Furniture,Chair,Customer_62,14,26570,0,18698,48240.71,371980.0
1723,2024-01-29,North,Office Supplies,File,Customer_73,18,23622,10,23342,56108.85,382676.4
1724,2024-11-27,East,Office Supplies,Notebook,Customer_69,11,5372,15,25918,12488.33,50228.2
1725,2024-07-02,North,Technology,Desktop,Customer_50,7,19686,15,4498,25620.89,117131.7
1726,2024-10-30,West,Furniture,Chair,Customer_95,7,9271,0,7327,5553.9,64897.0
1727,2024-08-18,West,Technology,Keyboard,Customer_9,18,42266,10,17373,135207.34,684709.2
1728,2024-11-30,East,Technology,Laptop,Customer_8,11,51727,0,14287,60314.34,568997.0
1729,2024-09-07,South,Office Supplies,File,Customer_95,19,15368,0,2208,70604.0,291992.0
1730,2024-01-26,West,Office Supplies,Notebook,Customer_80,2,16004,5,1470,3584.9,30407.6
1731,2024-02-24,West,Furniture,Chair,Customer_79,6,54845,20,3095,68424.46,263256.0
1732,2024-12-13,South,Technology,Keyboard,Customer_9,7,28032,10,27591,46604.65,176601.6
1733,2024-04-19,North,Furniture,Sofa,Customer_88,19,35875,5,11537,170960.59,647543.75
1734,2024-03-27,South,Technology,Mouse,Customer_43,3,8013,10,5628,5336.54,21635.1
1735,2024-11-19,South,Office Supplies,Paper,Customer_57,8,38241,0,5370,31202.49,305928.0
1736,2024-02-15,South,Office Supplies,File,Customer_3,16,5390,0,1236,10303.16,86240.0
1737,2024-05-18,West,Office Supplies,Paper,Customer_89,16,45474,5,7755,77055.05,691204.8
1738,2024-09-12,West,Office Supplies,File,Customer_31,6,40112,0,20538,28784.4,240672.0
1739,2024-09-28,East,Office Supplies,Notebook,Customer_45,14,399,20,8721,546.17,4468.8
1740,2024-12-03,East,Technology,Mouse,Customer_98,18,33362,5,16211,142321.83,570490.2
1741,2024-08-30,North,Technology,Monitor,Customer_25,4,52306,5,23454,52797.75,198762.8
1742,2024-05-08,South,Furniture,Table,Customer_86,2,3640,10,10340,826.27,6552.0
1743,2024-09-05,North,Furniture,Cabinet,Customer_14,2,35316,5,6178,16963.53,67100.4
1744,2024-12-12,North,Office Supplies,Notebook,Customer_31,15,38943,20,11681,80469.28,467316.0
1745,2024-04-12,North,Furniture,Table,Customer_42,8,6526,5,25174,8469.83,49597.6
1746,2024-11-08,North,Furniture,Table,Customer_61,19,31846,0,15282,67699.96,605074.0
1747,2024-05-18,West,Furniture,Table,Customer_48,5,30098,5,21710,22715.77,142965.5
1748,2024-08-26,South,Technology,Monitor,Customer_5,19,4009,10,5472,7160.05,68553.9
1749,2024-11-22,South,Furniture,Cabinet,Customer_98,11,14508,10,20779,16444.59,143629.2
1750,2024-04-20,South,Office Supplies,Pen,Customer_12,14,56262,20,17030,169937.03,630134.4
1751,2024-05-06,West,Office Supplies,File,Customer_36,1,47942,15,25123,11083.04,40750.7
1752,2024-01-23,South,Furniture,Cabinet,Customer_76,5,59983,20,1166,41246.66,239932.0
1753,2024-02-20,North,Technology,Keyboard,Customer_55,17,25942,15,27532,95801.15,374861.9
1754,2024-04-21,South,Furniture,Cabinet,Customer_11,18,49453,0,23713,214520.87,890154.0
1755,2024-12-26,East,Technology,Monitor,Customer_31,3,1143,15,22922,428.64,2914.65
1756,2024-07-08,West,Furniture,Chair,Customer_60,5,57391,15,7060,61897.22,243911.75
1757,2024-08-06,North,Office Supplies,File,Customer_81,3,25323,10,18397,5961.85,68372.1
1758,2024-12-11,North,Furniture,Table,Customer_80,11,48318,0,17866,153055.95,531498.0
1759,2024-03-30,North,Furniture,Chair,Customer_50,12,30597,20,2339,47122.02,293731.2
1760,2024-10-24,South,Office Supplies,Notebook,Customer_18,11,15739,20,4721,30856.91,138503.2
1761,2024-05-21,South,Office Supplies,Pen,Customer_42,12,58946,10,17500,146198.97,636616.8
1762,2024-08-28,East,Technology,Laptop,Customer_45,15,31965,20,18258,100690.96,383580.0
1763,2024-08-22,West,Office Supplies,Paper,Customer_80,12,52522,0,7171,174090.71,630264.0
1764,2024-12-22,West,Technology,Laptop,Customer_23,10,5142,0,6399,7235.17,51420.0
1765,2024-12-15,South,Technology,Keyboard,Customer_27,17,41209,0,10606,120241.56,700553.0
1766,2024-01-12,West,Office Supplies,Pen,Customer_45,14,29188,0,10552,49686.93,408632.0
1767,2024-12-22,East,Technology,Mouse,Customer_53,19,22565,10,16930,81238.74,385861.5
1768,2024-04-26,West,Office Supplies,File,Customer_39,19,8747,10,6627,37937.71,149573.7
1769,2024-03-26,East,Furniture,Sofa,Customer_99,2,9821,10,10318,3187.38,17677.8
1770,2024-01-22,East,Office Supplies,Pen,Customer_24,6,55106,5,6283,41568.29,314104.2
1771,2024-12-06,West,Furniture,Table,Customer_34,12,12191,5,19431,32738.85,138977.4
1772,2024-01-13,South,Furniture,Sofa,Customer_48,15,35480,5,18486,73989.63,505590.0
1773,2024-09-16,South,Furniture,Cabinet,Customer_59,11,10327,0,25199,22736.67,113597.0
1774,2024-08-14,West,Furniture,Sofa,Customer_38,19,43805,5,27200,161576.25,790680.25
1775,2024-07-24,West,Furniture,Chair,Customer_6,5,44533,20,4829,26324.01,178132.0
1776,2024-10-25,West,Office Supplies,Pen,Customer_46,3,21488,0,20927,14252.27,64464.0
1777,2024-12-09,East,Office Supplies,Pen,Customer_26,1,5578,20,28834,794.31,4462.4
1778,2024-01-29,West,Technology,Mouse,Customer_25,16,20924,20,20827,51568.06,267827.2
1779,2024-06-25,West,Office Supplies,Paper,Customer_19,14,24324,15,13216,23932.76,289455.6
1780,2024-08-14,West,Furniture,Sofa,Customer_72,3,14235,15,25298,10830.66,36299.25
1781,2024-04-16,West,Furniture,Table,Customer_94,14,9246,20,20593,10245.46,103555.2
1782,2024-11-23,East,Furniture,Cabinet,Customer_9,19,49652,15,3898,65318.04,801879.8
1783,2024-04-12,South,Furniture,Cabinet,Customer_72,15,46646,20,25747,157442.49,559752.0
1784,2024-09-09,East,Technology,Keyboard,Customer_71,16,2867,10,28347,8618.03,41284.8
1785,2024-11-21,South,Office Supplies,File,Customer_4,1,10194,10,10835,2663.62,9174.6
1786,2024-05-21,East,Furniture,Chair,Customer_54,6,32336,5,1932,19584.97,184315.2
1787,2024-12-17,East,Furniture,Chair,Customer_75,16,37165,15,29453,69114.68,505444.0
1788,2024-03-15,East,Furniture,Chair,Customer_66,19,1249,10,6336,4441.67,21357.9
1789,2024-07-01,South,Furniture,Cabinet,Customer_46,6,3566,10,12834,3317.74,19256.4
1790,2024-02-18,East,Technology,Monitor,Customer_68,3,33776,5,26114,21001.06,96261.6
1791,2024-06-29,East,Office Supplies,Pen,Customer_41,10,17890,10,4140,31811.14,161010.0
1792,2024-03-24,South,Technology,Laptop,Customer_67,10,24545,15,14500,32310.68,208632.5
1793,2024-11-10,South,Technology,Desktop,Customer_65,8,54598,5,27054,115085.97,414944.8
1794,2024-06-08,West,Office Supplies,Notebook,Customer_59,3,7739,5,1569,4091.28,22056.15
1795,2024-01-15,South,Office Supplies,Paper,Customer_57,20,34383,10,6642,146168.45,618894.0
1796,2024-03-07,South,Office Supplies,Notebook,Customer_17,5,45191,5,11073,23091.91,214657.25
1797,2024-04-10,North,Technology,Keyboard,Customer_10,1,50870,15,25816,7561.48,43239.5
1798,2024-12-07,North,Technology,Laptop,Customer_61,4,59641,10,2418,20305.85,214707.6
1799,2024-01-15,North,Technology,Laptop,Customer_78,7,38609,5,7054,58418.84,256749.85
1800,2024-11-09,East,Technology,Desktop,Customer_75,12,23181,5,29021,50246.93,264263.4
1801,2024-04-08,North,Technology,Mouse,Customer_13,19,50119,0,18328,121641.42,952261.0
1802,2024-07-06,North,Furniture,Table,Customer_93,4,14125,20,28895,10653.93,45200.0
1803,2024-09-20,West,Office Supplies,Pen,Customer_87,4,11952,10,13439,7456.62,43027.2
1804,2024-09-10,North,Technology,Keyboard,Customer_98,11,8201,15,4614,14901.87,76679.35
1805,2024-11-03,North,Furniture,Sofa,Customer_11,11,32455,0,13608,50835.55,357005.0
1806,2024-02-05,West,Office Supplies,Paper,Customer_29,18,26791,10,29028,75584.25,434014.2
1807,2024-12-03,South,Furniture,Sofa,Customer_2,16,44146,0,13988,124578.48,706336.0
1808,2024-03-27,North,Office Supplies,Notebook,Customer_19,13,26355,20,4333,66635.9,274092.0
1809,2024-08-05,South,Technology,Monitor,Customer_44,7,39091,15,5022,30523.28,232591.45
1810,2024-11-25,East,Office Supplies,File,Customer_98,19,39005,10,25782,169206.49,666985.5
1811,2024-08-20,West,Furniture,Sofa,Customer_86,20,26605,15,17758,63933.17,452285.0
1812,2024-01-28,East,Technology,Laptop,Customer_63,16,15227,5,1973,23587.75,231450.4
1813,2024-11-15,North,Technology,Keyboard,Customer_23,13,39722,10,6004,68134.56,464747.4
1814,2024-10-04,West,Technology,Laptop,Customer_60,7,19338,15,17064,21982.98,115061.1
1815,2024-08-14,North,Furniture,Chair,Customer_56,4,25241,15,11307,22968.05,85819.4
1816,2024-09-08,North,Furniture,Chair,Customer_23,18,43315,10,29989,165133.89,701703.0
1817,2024-12-03,East,Furniture,Table,Customer_92,13,32045,0,19640,95191.93,416585.0
1818,2024-10-29,West,Office Supplies,File,Customer_72,6,33306,0,13824,27566.58,199836.0
1819,2024-07-06,East,Furniture,Sofa,Customer_42,2,1944,20,2478,336.56,3110.4
1820,2024-01-29,East,Furniture,Chair,Customer_49,4,28159,10,12710,17296.62,101372.4
1821,2024-06-05,South,Office Supplies,Pen,Customer_31,10,38932,0,23544,36755.72,389320.0
1822,2024-08-04,South,Technology,Monitor,Customer_3,18,21472,0,16103,86849.1,386496.0
1823,2024-07-18,East,Office Supplies,File,Customer_3,16,38634,0,11371,100820.69,618144.0
1824,2024-12-07,West,Furniture,Chair,Customer_13,7,22117,15,17474,34020.31,131596.15
1825,2024-02-08,East,Furniture,Table,Customer_47,14,13322,15,21822,42235.01,158531.8
1826,2024-11-15,East,Office Supplies,Pen,Customer_34,2,19585,20,14173,8053.75,31336.0
1827,2024-08-31,North,Office Supplies,Notebook,Customer_76,11,18015,0,19560,50781.93,198165.0
1828,2024-06-09,East,Furniture,Table,Customer_10,10,33172,10,15185,67460.05,298548.0
1829,2024-04-02,West,Technology,Keyboard,Customer_33,20,33875,15,23005,142792.4,575875.0
1830,2024-09-29,South,Technology,Printer,Customer_74,16,14056,15,9779,54705.83,191161.6
1831,2024-12-16,North,Office Supplies,File,Customer_67,7,23973,15,5841,18954.24,142639.35
1832,2024-05-26,West,Furniture,Cabinet,Customer_41,3,41645,5,28720,20264.41,118688.25
1833,2024-04-08,East,Office Supplies,Pen,Customer_88,20,15575,15,8814,27796.84,264775.0
1834,2024-01-19,East,Technology,Desktop,Customer_60,16,36788,15,14828,111231.86,500316.8
1835,2024-11-25,East,Technology,Desktop,Customer_18,1,17034,10,22583,3083.83,15330.6
1836,2024-02-02,West,Technology,Printer,Customer_3,2,56433,0,11286,23967.31,112866.0
1837,2024-03-02,North,Furniture,Sofa,Customer_51,5,15569,0,19709,18806.24,77845.0
1838,2024-06-17,West,Office Supplies,Paper,Customer_12,8,39409,0,26335,81173.46,315272.0
1839,2024-05-20,South,Office Supplies,File,Customer_55,7,9555,0,6739,8501.34,66885.0
1840,2024-02-27,East,Furniture,Cabinet,Customer_76,2,32236,20,13278,12064.82,51577.6
1841,2024-07-07,West,Furniture,Cabinet,Customer_88,8,18301,5,12894,25668.45,139087.6
1842,2024-06-07,North,Furniture,Chair,Customer_95,2,45364,5,9289,17376.24,86191.6
1843,2024-07-20,North,Office Supplies,Paper,Customer_69,8,56306,15,13729,31293.06,382880.8
1844,2024-08-12,North,Furniture,Sofa,Customer_97,8,19591,5,29161,41072.39,148891.6
1845,2024-09-08,West,Office Supplies,Paper,Customer_5,9,56883,0,27974,128744.67,511947.0
1846,2024-05-13,East,Furniture,Cabinet,Customer_92,14,57559,0,28013,92892.02,805826.0
1847,2024-12-21,East,Office Supplies,Notebook,Customer_54,20,47890,20,25175,116383.45,766240.0
1848,2024-11-17,South,Technology,Laptop,Customer_81,15,51940,5,1100,124452.13,740145.0
1849,2024-11-28,North,Furniture,Sofa,Customer_15,6,16458,20,24382,23172.3,78998.4
1850,2024-10-30,West,Technology,Mouse,Customer_41,15,31450,5,9541,52957.29,448162.5
1851,2024-10-19,South,Furniture,Sofa,Customer_11,14,24191,5,13894,87772.62,321740.3
1852,2024-04-11,North,Technology,Laptop,Customer_72,20,41166,5,3915,230194.23,782154.0
1853,2024-07-07,North,Furniture,Table,Customer_52,20,28208,20,9524,50925.71,451328.0
1854,2024-03-01,North,Technology,Mouse,Customer_2,17,28618,15,28107,94365.17,413530.1
1855,2024-04-15,South,Technology,Printer,Customer_25,9,18971,15,13519,15767.28,145128.15
1856,2024-01-15,East,Office Supplies,Pen,Customer_94,7,27515,5,14386,46538.16,182974.75
1857,2024-11-27,South,Furniture,Sofa,Customer_80,15,59562,5,13112,176744.35,848758.5
1858,2024-04-18,North,Furniture,Chair,Customer_61,5,57210,10,23708,43112.26,257445.0
1859,2024-01-27,West,Office Supplies,File,Customer_95,20,16892,0,4122,68426.11,337840.0
1860,2024-01-24,West,Furniture,Table,Customer_46,20,44060,20,24251,172442.52,704960.0
1861,2024-10-13,West,Technology,Monitor,Customer_39,13,44091,10,5333,151134.28,515864.7
1862,2024-03-08,South,Technology,Mouse,Customer_34,6,33113,15,12114,46126.41,168876.3
1863,2024-09-12,West,Technology,Monitor,Customer_19,9,7757,10,2447,18552.55,62831.7
1864,2024-03-25,West,Furniture,Sofa,Customer_37,9,40269,10,17940,48555.73,326178.9
1865,2024-04-03,South,Furniture,Cabinet,Customer_72,15,3587,5,5870,4702.8,51114.75
1866,2024-07-01,East,Technology,Keyboard,Customer_21,15,28701,0,17217,38304.72,430515.0
1867,2024-04-14,West,Office Supplies,File,Customer_64,4,55532,5,5051,33112.02,211021.6
1868,2024-10-26,South,Furniture,Table,Customer_96,17,54008,10,19456,228062.33,826322.4
1869,2024-09-12,North,Technology,Mouse,Customer_68,19,11933,15,3517,25854.01,192717.95
1870,2024-02-24,East,Office Supplies,Notebook,Customer_4,10,44750,0,13916,72576.82,447500.0
1871,2024-05-17,North,Furniture,Table,Customer_11,15,54540,15,15878,151759.77,695385.0
1872,2024-10-18,East,Office Supplies,Notebook,Customer_6,20,29794,10,24971,160866.49,536292.0
1873,2024-11-04,North,Technology,Desktop,Customer_83,10,21279,0,25372,20334.06,212790.0
1874,2024-04-16,West,Furniture,Chair,Customer_33,6,15833,15,3922,6824.25,80748.3
1875,2024-06-07,West,Technology,Keyboard,Customer_37,5,8003,10,17084,9228.17,36013.5
1876,2024-08-16,East,Office Supplies,Pen,Customer_86,4,54629,10,17798,24380.82,196664.4
1877,2024-07-07,East,Furniture,Cabinet,Customer_73,20,27826,0,25788,96254.58,556520.0
1878,2024-08-25,West,Office Supplies,Pen,Customer_81,14,6191,0,17821,13450.41,86674.0
1879,2024-08-11,South,Office Supplies,Pen,Customer_64,17,41358,20,3751,80970.01,562468.8
1880,2024-08-06,East,Technology,Keyboard,Customer_20,5,44947,10,28575,27245.39,202261.5
1881,2024-08-25,North,Furniture,Chair,Customer_6,17,7153,20,14923,16621.81,97280.8
1882,2024-12-04,East,Office Supplies,Paper,Customer_33,19,5458,20,1533,8716.43,82961.6
1883,2024-06-09,South,Furniture,Table,Customer_51,2,5558,15,29729,2220.07,9448.6
1884,2024-11-05,West,Office Supplies,File,Customer_80,9,22469,5,7916,23191.36,192109.95
1885,2024-12-01,West,Furniture,Chair,Customer_69,1,483,15,4823,34.05,410.55
1886,2024-11-11,West,Furniture,Cabinet,Customer_85,20,47673,15,10922,175111.88,810441.0
1887,2024-01-09,East,Furniture,Cabinet,Customer_12,5,8954,0,7252,4683.87,44770.0
1888,2024-11-16,North,Office Supplies,Pen,Customer_27,16,42608,5,22290,86260.45,647641.6
1889,2024-03-26,North,Office Supplies,Pen,Customer_39,15,9810,15,14824,10606.53,125077.5
1890,2024-05-30,West,Technology,Printer,Customer_63,16,1386,15,20176,2514.13,18849.6
1891,2024-10-23,North,Office Supplies,File,Customer_43,1,6828,15,14621,1547.85,5803.8
1892,2024-12-13,North,Office Supplies,Paper,Customer_63,13,31957,20,20367,79570.29,332352.8
1893,2024-05-17,North,Furniture,Table,Customer_68,1,27756,20,11349,4479.07,22204.8
1894,2024-01-11,West,Office Supplies,File,Customer_15,16,40909,10,15690,137524.84,589089.6
1895,2024-12-16,South,Technology,Monitor,Customer_61,12,28812,5,17634,42152.34,328456.8
1896,2024-03-23,South,Furniture,Cabinet,Customer_38,13,27419,10,27082,58999.22,320802.3
1897,2024-03-21,East,Office Supplies,Pen,Customer_89,3,43816,15,5230,13198.09,111730.8
1898,2024-01-10,North,Office Supplies,File,Customer_54,16,20000,5,7862,61560.82,304000.0
1899,2024-06-21,East,Furniture,Sofa,Customer_87,6,11550,20,2047,14275.77,55440.0
1900,2024-06-30,South,Furniture,Chair,Customer_16,18,14786,15,9448,67552.34,226225.8
1901,2024-08-12,East,Technology,Mouse,Customer_20,17,39702,0,24147,61481.66,674934.0
1902,2024-09-16,North,Furniture,Chair,Customer_79,20,51359,0,27988,209281.79,1027180.0
1903,2024-09-16,North,Technology,Desktop,Customer_27,12,10391,10,24205,19878.47,112222.8
1904,2024-08-12,South,Furniture,Chair,Customer_83,12,22028,5,5029,66971.21,251119.2
1905,2024-07-09,South,Furniture,Chair,Customer_61,11,18892,20,6611,16417.39,166249.6
1906,2024-03-11,East,Office Supplies,File,Customer_81,8,10035,20,14818,16260.71,64224.0
1907,2024-01-06,West,Furniture,Cabinet,Customer_59,17,52175,10,1975,141588.33,798277.5
1908,2024-01-19,North,Office Supplies,Notebook,Customer_44,11,26422,5,15223,25822.64,276109.9
1909,2024-12-24,North,Office Supplies,Pen,Customer_81,17,19480,15,14172,77372.68,281486.0
1910,2024-03-16,East,Office Supplies,Paper,Customer_45,1,54298,10,18294,10471.88,48868.2
1911,2024-11-29,West,Office Supplies,File,Customer_83,7,58268,20,21459,82696.09,326300.8
1912,2024-06-20,West,Furniture,Sofa,Customer_100,7,57835,10,3761,32112.34,364360.5
1913,2024-11-21,East,Furniture,Table,Customer_28,3,33632,20,11231,15715.07,80716.8
1914,2024-08-04,North,Technology,Laptop,Customer_70,19,17053,5,28270,77048.53,307806.65
1915,2024-11-29,North,Office Supplies,Notebook,Customer_48,9,41190,20,12615,31803.62,296568.0
1916,2024-10-24,East,Technology,Keyboard,Customer_74,1,29797,10,8736,6897.01,26817.3
1917,2024-07-12,East,Office Supplies,Pen,Customer_39,10,43807,20,23034,38828.33,350456.0
1918,2024-08-20,North,Office Supplies,Pen,Customer_42,17,38266,5,27962,155290.56,617995.9
1919,2024-08-31,West,Technology,Desktop,Customer_53,3,6145,0,14922,5078.33,18435.0
1920,2024-07-21,North,Technology,Keyboard,Customer_48,17,26494,20,19316,69962.27,360318.4
1921,2024-09-15,West,Furniture,Cabinet,Customer_57,16,48053,15,27994,75694.31,653520.8
1922,2024-08-21,West,Technology,Keyboard,Customer_17,17,56675,20,4868,179424.91,770780.0
1923,2024-03-02,South,Furniture,Chair,Customer_72,12,7883,20,28928,12857.21,75676.8
1924,2024-06-04,North,Furniture,Sofa,Customer_67,5,7816,10,10991,10482.11,35172.0
1925,2024-06-05,North,Furniture,Cabinet,Customer_19,5,51466,20,14820,18672.53,205864.0
1926,2024-01-23,South,Furniture,Table,Customer_95,16,236,0,18941,591.71,3776.0
1927,2024-11-06,East,Furniture,Cabinet,Customer_73,15,59101,10,26603,130057.53,797863.5
1928,2024-06-15,West,Technology,Desktop,Customer_98,15,43826,15,5881,151204.05,558781.5
1929,2024-12-09,West,Technology,Mouse,Customer_50,8,59098,15,12108,79978.96,401866.4
1930,2024-11-25,North,Furniture,Sofa,Customer_22,1,37586,10,19384,7507.49,33827.4
1931,2024-08-31,South,Office Supplies,Notebook,Customer_80,18,37904,0,19685,132896.92,682272.0
1932,2024-05-05,North,Office Supplies,Notebook,Customer_85,18,11879,0,10009,54115.47,213822.0
1933,2024-01-12,North,Office Supplies,File,Customer_69,20,21099,15,20296,32244.31,358683.0
1934,2024-02-16,South,Furniture,Cabinet,Customer_54,1,56437,20,11399,7406.45,45149.6
1935,2024-06-06,South,Technology,Laptop,Customer_37,5,12071,10,26175,5416.65,54319.5
1936,2024-07-18,North,Furniture,Table,Customer_79,11,11992,0,24373,12250.72,131912.0
1937,2024-01-27,South,Technology,Monitor,Customer_53,11,17003,15,28123,44178.46,158978.05
1938,2024-05-17,South,Technology,Desktop,Customer_64,17,49408,20,13617,194098.16,671948.8
1939,2024-04-29,West,Technology,Monitor,Customer_71,14,4389,15,1947,8860.6,52229.1
1940,2024-08-16,North,Technology,Monitor,Customer_32,18,42800,5,10981,150045.68,731880.0
1941,2024-08-04,South,Technology,Printer,Customer_19,12,35518,5,26625,54231.19,404905.2
1942,2024-03-26,North,Office Supplies,File,Customer_1,15,54453,20,10478,146155.96,653436.0
1943,2024-04-18,West,Technology,Laptop,Customer_35,20,16542,15,12515,74616.34,281214.0
1944,2024-12-23,North,Office Supplies,Paper,Customer_21,18,37002,0,10851,66428.65,666036.0
1945,2024-12-15,East,Technology,Desktop,Customer_56,7,40106,20,27281,33695.07,224593.6
1946,2024-11-02,West,Furniture,Sofa,Customer_35,8,43502,10,12194,39570.65,313214.4
1947,2024-12-10,South,Furniture,Chair,Customer_83,1,39997,15,1140,9462.1,33997.45
1948,2024-11-29,West,Technology,Keyboard,Customer_98,13,35366,0,26798,125458.06,459758.0
1949,2024-07-11,North,Technology,Mouse,Customer_86,15,44156,0,12566,194627.67,662340.0
1950,2024-08-15,West,Office Supplies,Paper,Customer_23,1,8276,15,13139,2011.72,7034.6
1951,2024-11-10,North,Technology,Desktop,Customer_98,9,44700,10,7275,36131.92,362070.0
1952,2024-12-26,South,Office Supplies,Paper,Customer_30,16,23889,0,10199,72020.3,382224.0
1953,2024-03-28,North,Office Supplies,Pen,Customer_26,13,7370,10,19648,16389.69,86229.0
1954,2024-10-18,South,Office Supplies,Pen,Customer_9,19,8504,0,5175,22154.88,161576.0
1955,2024-10-13,East,Technology,Mouse,Customer_25,1,45515,20,21134,4939.02,36412.0
1956,2024-07-27,West,Furniture,Chair,Customer_83,2,56058,10,15173,26815.86,100904.4
1957,2024-01-25,West,Furniture,Chair,Customer_64,12,33998,0,29960,97371.0,407976.0
1958,2024-10-19,West,Furniture,Cabinet,Customer_41,1,25780,5,11967,2400.07,24491.0
1959,2024-06-08,South,Technology,Printer,Customer_89,14,4978,5,7451,7692.37,66207.4
1960,2024-06-20,North,Technology,Printer,Customer_4,16,28408,0,20416,116081.27,454528.0
1961,2024-05-01,North,Furniture,Table,Customer_61,8,22434,0,27923,27529.11,179472.0
1962,2024-02-01,West,Technology,Mouse,Customer_98,4,41082,15,19970,15010.14,139678.8
1963,2024-08-14,East,Technology,Keyboard,Customer_89,3,51391,5,3031,41333.04,146464.35
1964,2024-07-14,West,Technology,Monitor,Customer_9,4,44504,0,19325,16285.74,178016.0
1965,2024-08-25,West,Furniture,Chair,Customer_30,20,51707,20,1347,148709.72,827312.0
1966,2024-02-25,East,Furniture,Chair,Customer_84,1,29858,20,11754,4999.88,23886.4
1967,2024-05-11,North,Technology,Laptop,Customer_76,7,59368,20,5128,73214.52,332460.8
1968,2024-01-23,West,Furniture,Cabinet,Customer_93,20,29238,5,8967,61267.41,555522.0
1969,2024-10-04,East,Technology,Desktop,Customer_75,14,33728,10,11197,88567.09,424972.8
1970,2024-09-22,West,Technology,Desktop,Customer_40,20,22572,10,13085,119231.47,406296.0
1971,2024-06-25,North,Office Supplies,Pen,Customer_31,17,53786,20,29137,67306.99,731489.6
1972,2024-08-27,South,Technology,Desktop,Customer_9,11,12509,15,23766,27158.5,116959.15
1973,2024-01-22,East,Office Supplies,Paper,Customer_79,10,27539,10,6317,25545.14,247851.0
1974,2024-05-02,North,Furniture,Table,Customer_82,8,45530,5,16287,75178.88,346028.0
1975,2024-07-02,West,Furniture,Sofa,Customer_27,13,12174,0,12888,13005.38,158262.0
1976,2024-07-03,North,Technology,Mouse,Customer_19,10,28962,5,21687,57463.06,275139.0
1977,2024-06-22,South,Technology,Laptop,Customer_26,10,11512,5,9585,26044.39,109364.0
1978,2024-12-12,South,Office Supplies,Pen,Customer_26,1,11639,10,4315,886.39,10475.1
1979,2024-07-09,North,Technology,Keyboard,Customer_44,7,20093,15,8869,19286.46,119553.35
1980,2024-04-07,West,Office Supplies,Pen,Customer_92,3,7865,5,29925,6350.56,22415.25
1981,2024-05-05,West,Technology,Mouse,Customer_89,12,20937,20,15075,59280.71,200995.2
1982,2024-11-18,South,Technology,Mouse,Customer_69,10,51846,5,11737,66186.02,492537.0
1983,2024-02-03,West,Furniture,Table,Customer_27,3,51523,15,26919,29688.83,131383.65
1984,2024-06-13,West,Technology,Mouse,Customer_97,17,24627,15,18003,64815.94,355860.15
1985,2024-10-25,West,Office Supplies,Paper,Customer_92,16,31148,10,20044,75446.6,448531.2
1986,2024-08-05,South,Office Supplies,Notebook,Customer_29,7,29727,5,13972,25321.54,197684.55
1987,2024-08-15,East,Furniture,Table,Customer_33,18,5654,5,25629,9521.98,96683.4
1988,2024-08-18,South,Office Supplies,Paper,Customer_75,2,30590,20,21353,7537.49,48944.0
1989,2024-08-14,West,Furniture,Cabinet,Customer_48,16,20876,10,13529,25683.89,300614.4
1990,2024-02-10,North,Technology,Monitor,Customer_46,3,19401,20,17803,9324.75,46562.4
1991,2024-04-10,North,Furniture,Table,Customer_16,3,23708,0,18892,8824.17,71124.0
1992,2024-10-05,East,Office Supplies,Paper,Customer_39,9,12593,20,5517,27169.07,90669.6
1993,2024-12-01,East,Furniture,Chair,Customer_37,12,51423,15,14295,136798.39,524514.6
1994,2024-10-27,South,Technology,Keyboard,Customer_51,8,14971,5,16546,14952.81,113779.6
1995,2024-12-23,West,Office Supplies,File,Customer_44,3,20617,5,15050,14656.05,58758.45
1996,2024-03-06,West,Furniture,Table,Customer_58,18,2072,10,5553,6949.99,33566.4
1997,2024-07-25,West,Furniture,Chair,Customer_85,12,22370,5,14734,44285.98,255018.0
1998,2024-06-18,East,Office Supplies,Paper,Customer_76,1,37296,0,5559,4244.74,37296.0
1999,2024-02-25,West,Office Supplies,File,Customer_27,13,4275,20,13662,5398.98,44460.0
2000,2024-12-18,East,Furniture,Cabinet,Customer_12,6,6936,20,6820,2898.24,33292.8
